organization,project_name,location,recording_date,longitude,latitude,method,status,observer,species_code,species_common_name,species_class,individual_appearance_order,tag_start_s,vocalization,abundance,species_comments,is_verified
BU,TimeOFDay,H-P10-31-33,2021-05-29 00:00:00,-115.543270,57.901690,60s None,Transcribed,Erin Bayne,NONE,NONE,,,,,,,
BU,TimeOFDay,H-P10-31-33,2021-05-29 00:20:00,-115.543270,57.901690,60s None,Transcribed,Erin Bayne,NONE,NONE,,,,,,,
BU,TimeOFDay,H-P10-31-33,2021-05-29 00:40:00,-115.543270,57.901690,60s None,Transcribed,Erin Bayne,NONE,NONE,,,,,,,
BU,TimeOFDay,H-P10-31-33,2021-05-29 01:00:00,-115.543270,57.901690,60s None,Transcribed,Erin Bayne,NONE,NONE,,,,,,,
BU,TimeOFDay,H-P10-31-33,2021-05-29 01:20:00,-115.543270,57.901690,60s None,Transcribed,Erin Bayne,NONE,NONE,,,,,,,
BU,TimeOFDay,H-P10-31-33,2021-05-29 01:40:00,-115.543270,57.901690,60s None,Transcribed,Erin Bayne,NONE,NONE,,,,,,,
BU,TimeOFDay,H-P10-31-33,2021-05-29 02:00:00,-115.543270,57.901690,60s None,Transcribed,Erin Bayne,NONE,NONE,,,,,,,
BU,TimeOFDay,H-P10-31-33,2021-05-29 02:20:00,-115.543270,57.901690,60s None,Transcribed,Erin Bayne,NONE,NONE,,,,,,,
BU,TimeOFDay,H-P10-31-33,2021-05-29 02:40:00,-115.543270,57.901690,60s None,Transcribed,Erin Bayne,NONE,NONE,,,,,,,
BU,TimeOFDay,H-P10-31-33,2021-05-29 03:00:00,-115.543270,57.901690,60s None,Transcribed,Erin Bayne,NONE,NONE,,,,,,,
BU,TimeOFDay,H-P10-31-33,2021-05-29 03:20:00,-115.543270,57.901690,60s None,Transcribed,Erin Bayne,NONE,NONE,,,,,,,
BU,TimeOFDay,H-P10-31-33,2021-05-29 03:40:00,-115.543270,57.901690,60s None,Transcribed,Erin Bayne,NONE,NONE,,,,,,,
BU,TimeOFDay,H-P10-31-33,2021-05-29 04:00:00,-115.543270,57.901690,60s None,Transcribed,Erin Bayne,OVEN,Ovenbird,Aves,1,37.54,Song,1,,false
BU,TimeOFDay,H-P10-31-33,2021-05-29 04:00:00,-115.543270,57.901690,60s None,Transcribed,Erin Bayne,OVEN,Ovenbird,Aves,1,18.36,Song,1,,false
BU,TimeOFDay,H-P10-31-33,2021-05-29 04:20:00,-115.543270,57.901690,60s None,Transcribed,Erin Bayne,OVEN,Ovenbird,Aves,1,21.93,Song,1,,false
BU,TimeOFDay,H-P10-31-33,2021-05-29 04:20:00,-115.543270,57.901690,60s None,Transcribed,Erin Bayne,OVEN,Ovenbird,Aves,2,34.55,Song,1,,false
BU,TimeOFDay,H-P10-31-33,2021-05-29 04:20:00,-115.543270,57.901690,60s None,Transcribed,Erin Bayne,OVEN,Ovenbird,Aves,2,54.91,Song,1,,false
BU,TimeOFDay,H-P10-31-33,2021-05-29 04:20:00,-115.543270,57.901690,60s None,Transcribed,Erin Bayne,OVEN,Ovenbird,Aves,2,14.86,Song,1,,false
BU,TimeOFDay,H-P10-31-33,2021-05-29 04:20:00,-115.543270,57.901690,60s None,Transcribed,Erin Bayne,OVEN,Ovenbird,Aves,1,12.66,Song,1,,false
BU,TimeOFDay,H-P10-31-33,2021-05-29 04:20:00,-115.543270,57.901690,60s None,Transcribed,Erin Bayne,OVEN,Ovenbird,Aves,1,40.90,Song,1,,false
BU,TimeOFDay,H-P10-31-33,2021-05-29 04:20:00,-115.543270,57.901690,60s None,Transcribed,Erin Bayne,OVEN,Ovenbird,Aves,1,0.71,Song,1,,false
BU,TimeOFDay,H-P10-31-33,2021-05-29 04:40:00,-115.543270,57.901690,60s None,Transcribed,Erin Bayne,OVEN,Ovenbird,Aves,1,0.34,Song,1,,false
BU,TimeOFDay,H-P10-31-33,2021-05-29 04:40:00,-115.543270,57.901690,60s None,Transcribed,Erin Bayne,OVEN,Ovenbird,Aves,3,57.83,Song,1,,false
BU,TimeOFDay,H-P10-31-33,2021-05-29 04:40:00,-115.543270,57.901690,60s None,Transcribed,Erin Bayne,OVEN,Ovenbird,Aves,2,43.24,Song,1,,false
BU,TimeOFDay,H-P10-31-33,2021-05-29 04:40:00,-115.543270,57.901690,60s None,Transcribed,Erin Bayne,OVEN,Ovenbird,Aves,2,19.83,Song,1,,false
BU,TimeOFDay,H-P10-31-33,2021-05-29 04:40:00,-115.543270,57.901690,60s None,Transcribed,Erin Bayne,OVEN,Ovenbird,Aves,2,3.25,Song,1,,false
BU,TimeOFDay,H-P10-31-33,2021-05-29 04:40:00,-115.543270,57.901690,60s None,Transcribed,Erin Bayne,OVEN,Ovenbird,Aves,2,12.23,Song,1,,false
BU,TimeOFDay,H-P10-31-33,2021-05-29 04:40:00,-115.543270,57.901690,60s None,Transcribed,Erin Bayne,OVEN,Ovenbird,Aves,2,32.75,Song,1,,false
BU,TimeOFDay,H-P10-31-33,2021-05-29 04:40:00,-115.543270,57.901690,60s None,Transcribed,Erin Bayne,OVEN,Ovenbird,Aves,1,56.08,Song,1,,false
BU,TimeOFDay,H-P10-31-33,2021-05-29 04:40:00,-115.543270,57.901690,60s None,Transcribed,Erin Bayne,OVEN,Ovenbird,Aves,1,30.55,Song,1,,false
BU,TimeOFDay,H-P10-31-33,2021-05-29 04:40:00,-115.543270,57.901690,60s None,Transcribed,Erin Bayne,OVEN,Ovenbird,Aves,1,17.41,Song,1,,false
BU,TimeOFDay,H-P10-31-33,2021-05-29 04:40:00,-115.543270,57.901690,60s None,Transcribed,Erin Bayne,OVEN,Ovenbird,Aves,1,38.69,Song,1,,false
BU,TimeOFDay,H-P10-31-33,2021-05-29 04:40:00,-115.543270,57.901690,60s None,Transcribed,Erin Bayne,OVEN,Ovenbird,Aves,4,21.40,Song,1,,false
BU,TimeOFDay,H-P10-31-33,2021-05-29 04:40:00,-115.543270,57.901690,60s None,Transcribed,Erin Bayne,OVEN,Ovenbird,Aves,4,14.00,Song,1,,false
BU,TimeOFDay,H-P10-31-33,2021-05-29 04:40:00,-115.543270,57.901690,60s None,Transcribed,Erin Bayne,OVEN,Ovenbird,Aves,3,7.99,Song,1,,false
BU,TimeOFDay,H-P10-31-33,2021-05-29 04:40:00,-115.543270,57.901690,60s None,Transcribed,Erin Bayne,OVEN,Ovenbird,Aves,3,39.89,Song,1,,false
BU,TimeOFDay,H-P10-31-33,2021-05-29 04:40:00,-115.543270,57.901690,60s None,Transcribed,Erin Bayne,OVEN,Ovenbird,Aves,3,24.04,Song,1,,false
BU,TimeOFDay,H-P10-31-33,2021-05-29 05:00:00,-115.543270,57.901690,60s None,Transcribed,Erin Bayne,OVEN,Ovenbird,Aves,3,46.74,Song,1,,false
BU,TimeOFDay,H-P10-31-33,2021-05-29 05:00:00,-115.543270,57.901690,60s None,Transcribed,Erin Bayne,OVEN,Ovenbird,Aves,2,50.84,Song,1,,false
BU,TimeOFDay,H-P10-31-33,2021-05-29 05:00:00,-115.543270,57.901690,60s None,Transcribed,Erin Bayne,OVEN,Ovenbird,Aves,2,22.93,Song,1,,false
BU,TimeOFDay,H-P10-31-33,2021-05-29 05:00:00,-115.543270,57.901690,60s None,Transcribed,Erin Bayne,OVEN,Ovenbird,Aves,2,36.65,Song,1,,false
BU,TimeOFDay,H-P10-31-33,2021-05-29 05:00:00,-115.543270,57.901690,60s None,Transcribed,Erin Bayne,OVEN,Ovenbird,Aves,1,53.38,Song,1,,false
BU,TimeOFDay,H-P10-31-33,2021-05-29 05:00:00,-115.543270,57.901690,60s None,Transcribed,Erin Bayne,OVEN,Ovenbird,Aves,1,0.19,Song,1,,false
BU,TimeOFDay,H-P10-31-33,2021-05-29 05:00:00,-115.543270,57.901690,60s None,Transcribed,Erin Bayne,OVEN,Ovenbird,Aves,1,41.99,Song,1,,false
BU,TimeOFDay,H-P10-31-33,2021-05-29 05:00:00,-115.543270,57.901690,60s None,Transcribed,Erin Bayne,OVEN,Ovenbird,Aves,1,57.23,Song,1,,false
BU,TimeOFDay,H-P10-31-33,2021-05-29 05:00:00,-115.543270,57.901690,60s None,Transcribed,Erin Bayne,OVEN,Ovenbird,Aves,1,32.66,Song,1,,false
BU,TimeOFDay,H-P10-31-33,2021-05-29 05:00:00,-115.543270,57.901690,60s None,Transcribed,Erin Bayne,OVEN,Ovenbird,Aves,2,8.16,Song,1,,false
BU,TimeOFDay,H-P10-31-33,2021-05-29 05:20:00,-115.543270,57.901690,60s None,Transcribed,Erin Bayne,OVEN,Ovenbird,Aves,1,1.50,Song,1,,false
BU,TimeOFDay,H-P10-31-33,2021-05-29 05:20:00,-115.543270,57.901690,60s None,Transcribed,Erin Bayne,OVEN,Ovenbird,Aves,1,9.89,Song,1,,false
BU,TimeOFDay,H-P10-31-33,2021-05-29 05:20:00,-115.543270,57.901690,60s None,Transcribed,Erin Bayne,OVEN,Ovenbird,Aves,1,26.21,Song,1,,false
BU,TimeOFDay,H-P10-31-33,2021-05-29 05:20:00,-115.543270,57.901690,60s None,Transcribed,Erin Bayne,OVEN,Ovenbird,Aves,1,45.90,Song,1,,false
BU,TimeOFDay,H-P10-31-33,2021-05-29 05:20:00,-115.543270,57.901690,60s None,Transcribed,Erin Bayne,OVEN,Ovenbird,Aves,2,6.40,Song,1,,false
BU,TimeOFDay,H-P10-31-33,2021-05-29 05:20:00,-115.543270,57.901690,60s None,Transcribed,Erin Bayne,OVEN,Ovenbird,Aves,2,19.01,Song,1,,false
BU,TimeOFDay,H-P10-31-33,2021-05-29 05:20:00,-115.543270,57.901690,60s None,Transcribed,Erin Bayne,OVEN,Ovenbird,Aves,2,38.96,Song,1,,false
BU,TimeOFDay,H-P10-31-33,2021-05-29 05:20:00,-115.543270,57.901690,60s None,Transcribed,Erin Bayne,OVEN,Ovenbird,Aves,2,55.24,Song,1,,false
BU,TimeOFDay,H-P10-31-33,2021-05-29 05:20:00,-115.543270,57.901690,60s None,Transcribed,Erin Bayne,OVEN,Ovenbird,Aves,3,12.61,Song,1,,false
BU,TimeOFDay,H-P10-31-33,2021-05-29 05:20:00,-115.543270,57.901690,60s None,Transcribed,Erin Bayne,OVEN,Ovenbird,Aves,3,16.55,Song,1,,false
BU,TimeOFDay,H-P10-31-33,2021-05-29 05:20:00,-115.543270,57.901690,60s None,Transcribed,Erin Bayne,OVEN,Ovenbird,Aves,3,37.39,Song,1,,false
BU,TimeOFDay,H-P10-31-33,2021-05-29 05:20:00,-115.543270,57.901690,60s None,Transcribed,Erin Bayne,OVEN,Ovenbird,Aves,3,50.20,Song,1,,false
BU,TimeOFDay,H-P10-31-33,2021-05-29 05:20:00,-115.543270,57.901690,60s None,Transcribed,Erin Bayne,OVEN,Ovenbird,Aves,4,21.61,Song,1,,false
BU,TimeOFDay,H-P10-31-33,2021-05-29 05:20:00,-115.543270,57.901690,60s None,Transcribed,Erin Bayne,OVEN,Ovenbird,Aves,4,31.50,Song,1,,false
BU,TimeOFDay,H-P10-31-33,2021-05-29 05:20:00,-115.543270,57.901690,60s None,Transcribed,Erin Bayne,OVEN,Ovenbird,Aves,4,59.04,Song,1,,false
BU,TimeOFDay,H-P10-31-33,2021-05-29 05:40:00,-115.543270,57.901690,60s None,Transcribed,Erin Bayne,OVEN,Ovenbird,Aves,1,52.58,Song,1,,false
BU,TimeOFDay,H-P10-31-33,2021-05-29 05:40:00,-115.543270,57.901690,60s None,Transcribed,Erin Bayne,OVEN,Ovenbird,Aves,1,36.89,Song,1,,false
BU,TimeOFDay,H-P10-31-33,2021-05-29 05:40:00,-115.543270,57.901690,60s None,Transcribed,Erin Bayne,OVEN,Ovenbird,Aves,1,0.06,Song,1,,false
BU,TimeOFDay,H-P10-31-33,2021-05-29 05:40:00,-115.543270,57.901690,60s None,Transcribed,Erin Bayne,OVEN,Ovenbird,Aves,1,12.60,Song,1,,false
BU,TimeOFDay,H-P10-31-33,2021-05-29 05:40:00,-115.543270,57.901690,60s None,Transcribed,Erin Bayne,OVEN,Ovenbird,Aves,1,24.39,Song,1,,false
BU,TimeOFDay,H-P10-31-33,2021-05-29 05:40:00,-115.543270,57.901690,60s None,Transcribed,Erin Bayne,OVEN,Ovenbird,Aves,2,45.49,Song,1,,false
BU,TimeOFDay,H-P10-31-33,2021-05-29 05:40:00,-115.543270,57.901690,60s None,Transcribed,Erin Bayne,OVEN,Ovenbird,Aves,2,56.93,Song,1,,false
BU,TimeOFDay,H-P10-31-33,2021-05-29 05:40:00,-115.543270,57.901690,60s None,Transcribed,Erin Bayne,OVEN,Ovenbird,Aves,3,9.41,Song,1,,false
BU,TimeOFDay,H-P10-31-33,2021-05-29 05:40:00,-115.543270,57.901690,60s None,Transcribed,Erin Bayne,OVEN,Ovenbird,Aves,3,21.50,Song,1,,false
BU,TimeOFDay,H-P10-31-33,2021-05-29 05:40:00,-115.543270,57.901690,60s None,Transcribed,Erin Bayne,OVEN,Ovenbird,Aves,3,42.05,Song,1,,false
BU,TimeOFDay,H-P10-31-33,2021-05-29 05:40:00,-115.543270,57.901690,60s None,Transcribed,Erin Bayne,OVEN,Ovenbird,Aves,3,49.93,Song,1,,false
BU,TimeOFDay,H-P10-31-33,2021-05-29 05:40:00,-115.543270,57.901690,60s None,Transcribed,Erin Bayne,OVEN,Ovenbird,Aves,2,35.75,Song,1,,false
BU,TimeOFDay,H-P10-31-33,2021-05-29 05:40:00,-115.543270,57.901690,60s None,Transcribed,Erin Bayne,OVEN,Ovenbird,Aves,2,17.01,Song,1,,false
BU,TimeOFDay,H-P10-31-33,2021-05-29 05:40:00,-115.543270,57.901690,60s None,Transcribed,Erin Bayne,OVEN,Ovenbird,Aves,2,4.55,Song,1,,false
BU,TimeOFDay,H-P10-31-33,2021-05-29 06:00:00,-115.543270,57.901690,60s None,Transcribed,Erin Bayne,OVEN,Ovenbird,Aves,3,33.00,Song,1,,false
BU,TimeOFDay,H-P10-31-33,2021-05-29 06:00:00,-115.543270,57.901690,60s None,Transcribed,Erin Bayne,OVEN,Ovenbird,Aves,1,44.79,Song,1,,false
BU,TimeOFDay,H-P10-31-33,2021-05-29 06:00:00,-115.543270,57.901690,60s None,Transcribed,Erin Bayne,OVEN,Ovenbird,Aves,1,1.60,Song,1,,false
BU,TimeOFDay,H-P10-31-33,2021-05-29 06:00:00,-115.543270,57.901690,60s None,Transcribed,Erin Bayne,OVEN,Ovenbird,Aves,1,10.56,Song,1,,false
BU,TimeOFDay,H-P10-31-33,2021-05-29 06:00:00,-115.543270,57.901690,60s None,Transcribed,Erin Bayne,OVEN,Ovenbird,Aves,2,3.30,Song,1,,false
BU,TimeOFDay,H-P10-31-33,2021-05-29 06:00:00,-115.543270,57.901690,60s None,Transcribed,Erin Bayne,OVEN,Ovenbird,Aves,3,48.09,Song,1,,false
BU,TimeOFDay,H-P10-31-33,2021-05-29 06:00:00,-115.543270,57.901690,60s None,Transcribed,Erin Bayne,OVEN,Ovenbird,Aves,1,29.14,Song,1,,false
BU,TimeOFDay,H-P10-31-33,2021-05-29 06:00:00,-115.543270,57.901690,60s None,Transcribed,Erin Bayne,OVEN,Ovenbird,Aves,2,46.93,Song,1,,false
BU,TimeOFDay,H-P10-31-33,2021-05-29 06:00:00,-115.543270,57.901690,60s None,Transcribed,Erin Bayne,OVEN,Ovenbird,Aves,2,12.13,Song,1,,false
BU,TimeOFDay,H-P10-31-33,2021-05-29 06:00:00,-115.543270,57.901690,60s None,Transcribed,Erin Bayne,OVEN,Ovenbird,Aves,1,59.18,Song,1,,false
BU,TimeOFDay,H-P10-31-33,2021-05-29 06:00:00,-115.543270,57.901690,60s None,Transcribed,Erin Bayne,OVEN,Ovenbird,Aves,3,20.51,Song,1,,false
BU,TimeOFDay,H-P10-31-33,2021-05-29 06:20:00,-115.543270,57.901690,60s None,Transcribed,Erin Bayne,OVEN,Ovenbird,Aves,2,27.60,Song,1,,false
BU,TimeOFDay,H-P10-31-33,2021-05-29 06:20:00,-115.543270,57.901690,60s None,Transcribed,Erin Bayne,OVEN,Ovenbird,Aves,3,39.91,Song,1,,false
BU,TimeOFDay,H-P10-31-33,2021-05-29 06:20:00,-115.543270,57.901690,60s None,Transcribed,Erin Bayne,OVEN,Ovenbird,Aves,1,31.99,Song,1,,false
BU,TimeOFDay,H-P10-31-33,2021-05-29 06:20:00,-115.543270,57.901690,60s None,Transcribed,Erin Bayne,OVEN,Ovenbird,Aves,1,47.74,Song,1,,false
BU,TimeOFDay,H-P10-31-33,2021-05-29 06:20:00,-115.543270,57.901690,60s None,Transcribed,Erin Bayne,OVEN,Ovenbird,Aves,1,5.53,Song,1,,false
BU,TimeOFDay,H-P10-31-33,2021-05-29 06:20:00,-115.543270,57.901690,60s None,Transcribed,Erin Bayne,OVEN,Ovenbird,Aves,1,26.29,Song,1,,false
BU,TimeOFDay,H-P10-31-33,2021-05-29 06:20:00,-115.543270,57.901690,60s None,Transcribed,Erin Bayne,OVEN,Ovenbird,Aves,2,33.69,Song,1,,false
BU,TimeOFDay,H-P10-31-33,2021-05-29 06:20:00,-115.543270,57.901690,60s None,Transcribed,Erin Bayne,OVEN,Ovenbird,Aves,2,52.21,Song,1,,false
BU,TimeOFDay,H-P10-31-33,2021-05-29 06:20:00,-115.543270,57.901690,60s None,Transcribed,Erin Bayne,OVEN,Ovenbird,Aves,2,20.28,Song,1,,false
BU,TimeOFDay,H-P10-31-33,2021-05-29 06:20:00,-115.543270,57.901690,60s None,Transcribed,Erin Bayne,OVEN,Ovenbird,Aves,2,43.15,Song,1,,false
BU,TimeOFDay,H-P10-31-33,2021-05-29 06:40:00,-115.543270,57.901690,60s None,Transcribed,Erin Bayne,OVEN,Ovenbird,Aves,2,55.76,Song,1,,false
BU,TimeOFDay,H-P10-31-33,2021-05-29 06:40:00,-115.543270,57.901690,60s None,Transcribed,Erin Bayne,OVEN,Ovenbird,Aves,3,53.04,Song,1,,false
BU,TimeOFDay,H-P10-31-33,2021-05-29 06:40:00,-115.543270,57.901690,60s None,Transcribed,Erin Bayne,OVEN,Ovenbird,Aves,2,35.23,Song,1,,false
BU,TimeOFDay,H-P10-31-33,2021-05-29 06:40:00,-115.543270,57.901690,60s None,Transcribed,Erin Bayne,OVEN,Ovenbird,Aves,1,57.49,Song,1,,false
BU,TimeOFDay,H-P10-31-33,2021-05-29 06:40:00,-115.543270,57.901690,60s None,Transcribed,Erin Bayne,OVEN,Ovenbird,Aves,1,40.08,Song,1,,false
BU,TimeOFDay,H-P10-31-33,2021-05-29 06:40:00,-115.543270,57.901690,60s None,Transcribed,Erin Bayne,OVEN,Ovenbird,Aves,1,17.83,Song,1,,false
BU,TimeOFDay,H-P10-31-33,2021-05-29 06:40:00,-115.543270,57.901690,60s None,Transcribed,Erin Bayne,OVEN,Ovenbird,Aves,1,0.01,Song,1,,false
BU,TimeOFDay,H-P10-31-33,2021-05-29 07:00:00,-115.543270,57.901690,60s None,Transcribed,Erin Bayne,OVEN,Ovenbird,Aves,1,15.55,Song,1,,false
BU,TimeOFDay,H-P10-31-33,2021-05-29 07:00:00,-115.543270,57.901690,60s None,Transcribed,Erin Bayne,OVEN,Ovenbird,Aves,1,22.29,Song,1,,false
BU,TimeOFDay,H-P10-31-33,2021-05-29 07:00:00,-115.543270,57.901690,60s None,Transcribed,Erin Bayne,OVEN,Ovenbird,Aves,2,4.35,Song,1,,false
BU,TimeOFDay,H-P10-31-33,2021-05-29 07:00:00,-115.543270,57.901690,60s None,Transcribed,Erin Bayne,OVEN,Ovenbird,Aves,2,38.23,Song,1,,false
BU,TimeOFDay,H-P10-31-33,2021-05-29 07:00:00,-115.543270,57.901690,60s None,Transcribed,Erin Bayne,OVEN,Ovenbird,Aves,2,30.55,Song,1,,false
BU,TimeOFDay,H-P10-31-33,2021-05-29 07:00:00,-115.543270,57.901690,60s None,Transcribed,Erin Bayne,OVEN,Ovenbird,Aves,3,20.81,Song,1,,false
BU,TimeOFDay,H-P10-31-33,2021-05-29 07:00:00,-115.543270,57.901690,60s None,Transcribed,Erin Bayne,OVEN,Ovenbird,Aves,1,0.11,Song,1,,false
BU,TimeOFDay,H-P10-31-33,2021-05-29 07:00:00,-115.543270,57.901690,60s None,Transcribed,Erin Bayne,OVEN,Ovenbird,Aves,1,51.01,Song,1,,false
BU,TimeOFDay,H-P10-31-33,2021-05-29 07:00:00,-115.543270,57.901690,60s None,Transcribed,Erin Bayne,OVEN,Ovenbird,Aves,1,56.45,Song,1,,false
BU,TimeOFDay,H-P10-31-33,2021-05-29 07:00:00,-115.543270,57.901690,60s None,Transcribed,Erin Bayne,OVEN,Ovenbird,Aves,1,9.84,Song,1,,false
BU,TimeOFDay,H-P10-31-33,2021-05-29 07:00:00,-115.543270,57.901690,60s None,Transcribed,Erin Bayne,OVEN,Ovenbird,Aves,3,44.35,Song,1,,false
BU,TimeOFDay,H-P10-31-33,2021-05-29 07:20:00,-115.543270,57.901690,60s None,Transcribed,Erin Bayne,OVEN,Ovenbird,Aves,1,7.65,Song,1,,false
BU,TimeOFDay,H-P10-31-33,2021-05-29 07:20:00,-115.543270,57.901690,60s None,Transcribed,Erin Bayne,OVEN,Ovenbird,Aves,1,40.35,Song,1,,false
BU,TimeOFDay,H-P10-31-33,2021-05-29 07:20:00,-115.543270,57.901690,60s None,Transcribed,Erin Bayne,OVEN,Ovenbird,Aves,2,11.15,Song,1,,false
BU,TimeOFDay,H-P10-31-33,2021-05-29 07:20:00,-115.543270,57.901690,60s None,Transcribed,Erin Bayne,OVEN,Ovenbird,Aves,2,44.13,Song,1,,false
BU,TimeOFDay,H-P10-31-33,2021-05-29 07:20:00,-115.543270,57.901690,60s None,Transcribed,Erin Bayne,OVEN,Ovenbird,Aves,2,16.56,Song,1,,false
BU,TimeOFDay,H-P10-31-33,2021-05-29 07:20:00,-115.543270,57.901690,60s None,Transcribed,Erin Bayne,OVEN,Ovenbird,Aves,2,30.36,Song,1,,false
BU,TimeOFDay,H-P10-31-33,2021-05-29 07:40:00,-115.543270,57.901690,60s None,Transcribed,Erin Bayne,OVEN,Ovenbird,Aves,2,55.65,Song,1,,false
BU,TimeOFDay,H-P10-31-33,2021-05-29 07:40:00,-115.543270,57.901690,60s None,Transcribed,Erin Bayne,OVEN,Ovenbird,Aves,1,53.96,Song,1,,false
BU,TimeOFDay,H-P10-31-33,2021-05-29 07:40:00,-115.543270,57.901690,60s None,Transcribed,Erin Bayne,OVEN,Ovenbird,Aves,1,58.39,Song,1,,false
BU,TimeOFDay,H-P10-31-33,2021-05-29 07:40:00,-115.543270,57.901690,60s None,Transcribed,Erin Bayne,OVEN,Ovenbird,Aves,2,22.05,Song,1,,false
BU,TimeOFDay,H-P10-31-33,2021-05-29 07:40:00,-115.543270,57.901690,60s None,Transcribed,Erin Bayne,OVEN,Ovenbird,Aves,2,46.65,Song,1,,false
BU,TimeOFDay,H-P10-31-33,2021-05-29 07:40:00,-115.543270,57.901690,60s None,Transcribed,Erin Bayne,OVEN,Ovenbird,Aves,2,33.49,Song,1,,false
BU,TimeOFDay,H-P10-31-33,2021-05-29 07:40:00,-115.543270,57.901690,60s None,Transcribed,Erin Bayne,OVEN,Ovenbird,Aves,1,19.29,Song,1,,false
BU,TimeOFDay,H-P10-31-33,2021-05-29 07:40:00,-115.543270,57.901690,60s None,Transcribed,Erin Bayne,OVEN,Ovenbird,Aves,1,27.38,Song,1,,false
BU,TimeOFDay,H-P10-31-33,2021-05-29 07:40:00,-115.543270,57.901690,60s None,Transcribed,Erin Bayne,OVEN,Ovenbird,Aves,1,7.88,Song,1,,false
BU,TimeOFDay,H-P10-31-33,2021-05-29 07:40:00,-115.543270,57.901690,60s None,Transcribed,Erin Bayne,OVEN,Ovenbird,Aves,1,39.51,Song,1,,false
BU,TimeOFDay,H-P10-31-33,2021-05-29 08:00:00,-115.543270,57.901690,60s None,Transcribed,Erin Bayne,OVEN,Ovenbird,Aves,1,3.23,Song,1,,false
BU,TimeOFDay,H-P10-31-33,2021-05-29 08:00:00,-115.543270,57.901690,60s None,Transcribed,Erin Bayne,OVEN,Ovenbird,Aves,2,50.24,Song,1,,false
BU,TimeOFDay,H-P10-31-33,2021-05-29 08:00:00,-115.543270,57.901690,60s None,Transcribed,Erin Bayne,OVEN,Ovenbird,Aves,2,23.30,Song,1,,false
BU,TimeOFDay,H-P10-31-33,2021-05-29 08:00:00,-115.543270,57.901690,60s None,Transcribed,Erin Bayne,OVEN,Ovenbird,Aves,1,41.73,Song,1,,false
BU,TimeOFDay,H-P10-31-33,2021-05-29 08:00:00,-115.543270,57.901690,60s None,Transcribed,Erin Bayne,OVEN,Ovenbird,Aves,1,34.79,Song,1,,false
BU,TimeOFDay,H-P10-31-33,2021-05-29 08:00:00,-115.543270,57.901690,60s None,Transcribed,Erin Bayne,OVEN,Ovenbird,Aves,1,18.19,Song,1,,false
BU,TimeOFDay,H-P10-31-33,2021-05-29 08:20:00,-115.543270,57.901690,60s None,Transcribed,Erin Bayne,OVEN,Ovenbird,Aves,3,12.93,Song,1,,false
BU,TimeOFDay,H-P10-31-33,2021-05-29 08:20:00,-115.543270,57.901690,60s None,Transcribed,Erin Bayne,OVEN,Ovenbird,Aves,3,36.31,Song,1,,false
BU,TimeOFDay,H-P10-31-33,2021-05-29 08:20:00,-115.543270,57.901690,60s None,Transcribed,Erin Bayne,OVEN,Ovenbird,Aves,3,24.74,Song,1,,false
BU,TimeOFDay,H-P10-31-33,2021-05-29 08:20:00,-115.543270,57.901690,60s None,Transcribed,Erin Bayne,OVEN,Ovenbird,Aves,2,57.88,Song,1,,false
BU,TimeOFDay,H-P10-31-33,2021-05-29 08:20:00,-115.543270,57.901690,60s None,Transcribed,Erin Bayne,OVEN,Ovenbird,Aves,2,45.53,Song,1,,false
BU,TimeOFDay,H-P10-31-33,2021-05-29 08:20:00,-115.543270,57.901690,60s None,Transcribed,Erin Bayne,OVEN,Ovenbird,Aves,2,31.50,Song,1,,false
BU,TimeOFDay,H-P10-31-33,2021-05-29 08:20:00,-115.543270,57.901690,60s None,Transcribed,Erin Bayne,OVEN,Ovenbird,Aves,2,6.44,Song,1,,false
BU,TimeOFDay,H-P10-31-33,2021-05-29 08:20:00,-115.543270,57.901690,60s None,Transcribed,Erin Bayne,OVEN,Ovenbird,Aves,3,47.78,Song,1,,false
BU,TimeOFDay,H-P10-31-33,2021-05-29 08:20:00,-115.543270,57.901690,60s None,Transcribed,Erin Bayne,OVEN,Ovenbird,Aves,1,41.89,Song,1,,false
BU,TimeOFDay,H-P10-31-33,2021-05-29 08:20:00,-115.543270,57.901690,60s None,Transcribed,Erin Bayne,OVEN,Ovenbird,Aves,1,20.93,Song,1,,false
BU,TimeOFDay,H-P10-31-33,2021-05-29 08:20:00,-115.543270,57.901690,60s None,Transcribed,Erin Bayne,OVEN,Ovenbird,Aves,1,2.85,Song,1,,false
BU,TimeOFDay,H-P10-31-33,2021-05-29 08:20:00,-115.543270,57.901690,60s None,Transcribed,Erin Bayne,OVEN,Ovenbird,Aves,4,17.64,Song,1,,false
BU,TimeOFDay,H-P10-31-33,2021-05-29 08:20:00,-115.543270,57.901690,60s None,Transcribed,Erin Bayne,OVEN,Ovenbird,Aves,4,50.68,Song,1,,false
BU,TimeOFDay,H-P10-31-33,2021-05-29 08:40:00,-115.543270,57.901690,60s None,Transcribed,Erin Bayne,OVEN,Ovenbird,Aves,1,16.49,Song,1,,false
BU,TimeOFDay,H-P10-31-33,2021-05-29 08:40:00,-115.543270,57.901690,60s None,Transcribed,Erin Bayne,OVEN,Ovenbird,Aves,1,41.85,Song,1,,false
BU,TimeOFDay,H-P10-31-33,2021-05-29 08:40:00,-115.543270,57.901690,60s None,Transcribed,Erin Bayne,OVEN,Ovenbird,Aves,1,52.28,Song,1,,false
BU,TimeOFDay,H-P10-31-33,2021-05-29 08:40:00,-115.543270,57.901690,60s None,Transcribed,Erin Bayne,OVEN,Ovenbird,Aves,2,4.65,Song,1,,false
BU,TimeOFDay,H-P10-31-33,2021-05-29 08:40:00,-115.543270,57.901690,60s None,Transcribed,Erin Bayne,OVEN,Ovenbird,Aves,2,36.55,Song,1,,false
BU,TimeOFDay,H-P10-31-33,2021-05-29 08:40:00,-115.543270,57.901690,60s None,Transcribed,Erin Bayne,OVEN,Ovenbird,Aves,2,48.89,Song,1,,false
BU,TimeOFDay,H-P10-31-33,2021-05-29 08:40:00,-115.543270,57.901690,60s None,Transcribed,Erin Bayne,OVEN,Ovenbird,Aves,3,9.75,Song,1,,false
BU,TimeOFDay,H-P10-31-33,2021-05-29 08:40:00,-115.543270,57.901690,60s None,Transcribed,Erin Bayne,OVEN,Ovenbird,Aves,3,40.33,Song,1,,false
BU,TimeOFDay,H-P10-31-33,2021-05-29 08:40:00,-115.543270,57.901690,60s None,Transcribed,Erin Bayne,OVEN,Ovenbird,Aves,3,50.85,Song,1,,false
BU,TimeOFDay,H-P10-31-33,2021-05-29 08:40:00,-115.543270,57.901690,60s None,Transcribed,Erin Bayne,OVEN,Ovenbird,Aves,3,57.74,Song,1,,false
BU,TimeOFDay,H-P10-31-33,2021-05-29 08:40:00,-115.543270,57.901690,60s None,Transcribed,Erin Bayne,OVEN,Ovenbird,Aves,1,2.93,Song,1,,false
BU,TimeOFDay,H-P10-31-33,2021-05-29 09:00:00,-115.543270,57.901690,60s None,Transcribed,Erin Bayne,OVEN,Ovenbird,Aves,1,3.70,Song,1,,false
BU,TimeOFDay,H-P10-31-33,2021-05-29 09:00:00,-115.543270,57.901690,60s None,Transcribed,Erin Bayne,OVEN,Ovenbird,Aves,1,24.53,Song,1,,false
BU,TimeOFDay,H-P10-31-33,2021-05-29 09:00:00,-115.543270,57.901690,60s None,Transcribed,Erin Bayne,OVEN,Ovenbird,Aves,1,40.85,Song,1,,false
BU,TimeOFDay,H-P10-31-33,2021-05-29 09:00:00,-115.543270,57.901690,60s None,Transcribed,Erin Bayne,OVEN,Ovenbird,Aves,2,8.63,Song,1,,false
BU,TimeOFDay,H-P10-31-33,2021-05-29 09:00:00,-115.543270,57.901690,60s None,Transcribed,Erin Bayne,OVEN,Ovenbird,Aves,2,11.76,Song,1,,false
BU,TimeOFDay,H-P10-31-33,2021-05-29 09:00:00,-115.543270,57.901690,60s None,Transcribed,Erin Bayne,OVEN,Ovenbird,Aves,2,22.21,Song,1,,false
BU,TimeOFDay,H-P10-31-33,2021-05-29 09:00:00,-115.543270,57.901690,60s None,Transcribed,Erin Bayne,OVEN,Ovenbird,Aves,2,47.33,Song,1,,false
BU,TimeOFDay,H-P10-31-33,2021-05-29 09:00:00,-115.543270,57.901690,60s None,Transcribed,Erin Bayne,OVEN,Ovenbird,Aves,3,17.01,Song,1,,false
BU,TimeOFDay,H-P10-31-33,2021-05-29 09:00:00,-115.543270,57.901690,60s None,Transcribed,Erin Bayne,OVEN,Ovenbird,Aves,3,34.15,Song,1,,false
BU,TimeOFDay,H-P10-31-33,2021-05-29 09:00:00,-115.543270,57.901690,60s None,Transcribed,Erin Bayne,OVEN,Ovenbird,Aves,3,56.66,Song,1,,false
BU,TimeOFDay,H-P10-31-33,2021-05-29 09:00:00,-115.543270,57.901690,60s None,Transcribed,Erin Bayne,OVEN,Ovenbird,Aves,4,51.13,Song,1,,false
BU,TimeOFDay,H-P10-31-33,2021-05-29 09:20:00,-115.543270,57.901690,60s None,Transcribed,Erin Bayne,OVEN,Ovenbird,Aves,1,21.48,Song,1,,false
BU,TimeOFDay,H-P10-31-33,2021-05-29 09:20:00,-115.543270,57.901690,60s None,Transcribed,Erin Bayne,OVEN,Ovenbird,Aves,1,55.63,Song,1,,false
BU,TimeOFDay,H-P10-31-33,2021-05-29 09:20:00,-115.543270,57.901690,60s None,Transcribed,Erin Bayne,OVEN,Ovenbird,Aves,1,0.68,Song,1,,false
BU,TimeOFDay,H-P10-31-33,2021-05-29 09:20:00,-115.543270,57.901690,60s None,Transcribed,Erin Bayne,OVEN,Ovenbird,Aves,1,37.53,Song,1,,false
BU,TimeOFDay,H-P10-31-33,2021-05-29 09:20:00,-115.543270,57.901690,60s None,Transcribed,Erin Bayne,OVEN,Ovenbird,Aves,1,31.38,Song,1,,false
BU,TimeOFDay,H-P10-31-33,2021-05-29 09:20:00,-115.543270,57.901690,60s None,Transcribed,Erin Bayne,OVEN,Ovenbird,Aves,1,11.25,Song,1,,false
BU,TimeOFDay,H-P10-31-33,2021-05-29 09:20:00,-115.543270,57.901690,60s None,Transcribed,Erin Bayne,OVEN,Ovenbird,Aves,2,5.48,Song,1,,false
BU,TimeOFDay,H-P10-31-33,2021-05-29 09:20:00,-115.543270,57.901690,60s None,Transcribed,Erin Bayne,OVEN,Ovenbird,Aves,2,46.91,Song,1,,false
BU,TimeOFDay,H-P10-31-33,2021-05-29 09:20:00,-115.543270,57.901690,60s None,Transcribed,Erin Bayne,OVEN,Ovenbird,Aves,2,29.16,Song,1,,false
BU,TimeOFDay,H-P10-31-33,2021-05-29 09:20:00,-115.543270,57.901690,60s None,Transcribed,Erin Bayne,OVEN,Ovenbird,Aves,3,57.26,Song,1,,false
BU,TimeOFDay,H-P10-31-33,2021-05-29 09:20:00,-115.543270,57.901690,60s None,Transcribed,Erin Bayne,OVEN,Ovenbird,Aves,3,9.10,Song,1,,false
BU,TimeOFDay,H-P10-31-33,2021-05-29 09:20:00,-115.543270,57.901690,60s None,Transcribed,Erin Bayne,OVEN,Ovenbird,Aves,4,33.34,Song,1,,false
BU,TimeOFDay,H-P10-31-33,2021-05-29 09:20:00,-115.543270,57.901690,60s None,Transcribed,Erin Bayne,OVEN,Ovenbird,Aves,4,15.71,Song,1,,false
BU,TimeOFDay,H-P10-31-33,2021-05-29 09:20:00,-115.543270,57.901690,60s None,Transcribed,Erin Bayne,OVEN,Ovenbird,Aves,4,52.68,Song,1,,false
BU,TimeOFDay,H-P10-31-33,2021-05-29 09:40:00,-115.543270,57.901690,60s None,Transcribed,Erin Bayne,OVEN,Ovenbird,Aves,1,24.04,Song,1,,false
BU,TimeOFDay,H-P10-31-33,2021-05-29 09:40:00,-115.543270,57.901690,60s None,Transcribed,Erin Bayne,OVEN,Ovenbird,Aves,1,49.10,Song,1,,false
BU,TimeOFDay,H-P10-31-33,2021-05-29 09:40:00,-115.543270,57.901690,60s None,Transcribed,Erin Bayne,OVEN,Ovenbird,Aves,1,39.65,Song,1,,false
BU,TimeOFDay,H-P10-31-33,2021-05-29 09:40:00,-115.543270,57.901690,60s None,Transcribed,Erin Bayne,OVEN,Ovenbird,Aves,1,9.54,Song,1,,false
BU,TimeOFDay,H-P10-31-33,2021-05-29 09:40:00,-115.543270,57.901690,60s None,Transcribed,Erin Bayne,OVEN,Ovenbird,Aves,1,58.36,Song,1,,false
BU,TimeOFDay,H-P10-31-33,2021-05-29 10:00:00,-115.543270,57.901690,60s None,Transcribed,Erin Bayne,OVEN,Ovenbird,Aves,1,19.11,Song,1,,false
BU,TimeOFDay,H-P10-31-33,2021-05-29 10:00:00,-115.543270,57.901690,60s None,Transcribed,Erin Bayne,OVEN,Ovenbird,Aves,1,28.20,Song,1,,false
BU,TimeOFDay,H-P10-31-33,2021-05-29 10:00:00,-115.543270,57.901690,60s None,Transcribed,Erin Bayne,OVEN,Ovenbird,Aves,1,0.01,Song,1,,false
BU,TimeOFDay,H-P10-31-33,2021-05-29 10:00:00,-115.543270,57.901690,60s None,Transcribed,Erin Bayne,OVEN,Ovenbird,Aves,1,55.44,Song,1,,false
BU,TimeOFDay,H-P10-31-33,2021-05-29 10:00:00,-115.543270,57.901690,60s None,Transcribed,Erin Bayne,OVEN,Ovenbird,Aves,2,46.90,Song,1,,false
BU,TimeOFDay,H-P10-31-33,2021-05-29 10:00:00,-115.543270,57.901690,60s None,Transcribed,Erin Bayne,OVEN,Ovenbird,Aves,3,45.70,Song,1,,false
BU,TimeOFDay,H-P10-31-33,2021-05-29 10:00:00,-115.543270,57.901690,60s None,Transcribed,Erin Bayne,OVEN,Ovenbird,Aves,2,6.15,Song,1,,false
BU,TimeOFDay,H-P10-31-33,2021-05-29 10:00:00,-115.543270,57.901690,60s None,Transcribed,Erin Bayne,OVEN,Ovenbird,Aves,2,37.59,Song,1,,false
BU,TimeOFDay,H-P10-31-33,2021-05-29 10:00:00,-115.543270,57.901690,60s None,Transcribed,Erin Bayne,OVEN,Ovenbird,Aves,2,14.76,Song,1,,false
BU,TimeOFDay,H-P10-31-33,2021-05-29 10:00:00,-115.543270,57.901690,60s None,Transcribed,Erin Bayne,OVEN,Ovenbird,Aves,2,58.48,Song,1,,false
BU,TimeOFDay,H-P10-31-33,2021-05-29 10:20:00,-115.543270,57.901690,60s None,Transcribed,Erin Bayne,OVEN,Ovenbird,Aves,1,1.84,Song,1,,false
BU,TimeOFDay,H-P10-31-33,2021-05-29 10:20:00,-115.543270,57.901690,60s None,Transcribed,Erin Bayne,OVEN,Ovenbird,Aves,2,34.90,Song,1,,false
BU,TimeOFDay,H-P10-31-33,2021-05-29 10:20:00,-115.543270,57.901690,60s None,Transcribed,Erin Bayne,OVEN,Ovenbird,Aves,2,22.83,Song,1,,false
BU,TimeOFDay,H-P10-31-33,2021-05-29 10:20:00,-115.543270,57.901690,60s None,Transcribed,Erin Bayne,OVEN,Ovenbird,Aves,2,12.20,Song,1,,false
BU,TimeOFDay,H-P10-31-33,2021-05-29 10:20:00,-115.543270,57.901690,60s None,Transcribed,Erin Bayne,OVEN,Ovenbird,Aves,1,43.04,Song,1,,false
BU,TimeOFDay,H-P10-31-33,2021-05-29 10:20:00,-115.543270,57.901690,60s None,Transcribed,Erin Bayne,OVEN,Ovenbird,Aves,2,51.35,Song,1,,false
BU,TimeOFDay,H-P10-31-33,2021-05-29 10:20:00,-115.543270,57.901690,60s None,Transcribed,Erin Bayne,OVEN,Ovenbird,Aves,1,19.15,Song,1,,false
BU,TimeOFDay,H-P10-31-33,2021-05-29 10:40:00,-115.543270,57.901690,60s None,Transcribed,Erin Bayne,OVEN,Ovenbird,Aves,1,27.74,Song,1,,false
BU,TimeOFDay,H-P10-31-33,2021-05-29 11:00:00,-115.543270,57.901690,60s None,Transcribed,Erin Bayne,OVEN,Ovenbird,Aves,2,22.31,Song,1,,false
BU,TimeOFDay,H-P10-31-33,2021-05-29 11:00:00,-115.543270,57.901690,60s None,Transcribed,Erin Bayne,OVEN,Ovenbird,Aves,2,14.99,Song,1,,false
BU,TimeOFDay,H-P10-31-33,2021-05-29 11:00:00,-115.543270,57.901690,60s None,Transcribed,Erin Bayne,OVEN,Ovenbird,Aves,2,5.16,Song,1,,false
BU,TimeOFDay,H-P10-31-33,2021-05-29 11:00:00,-115.543270,57.901690,60s None,Transcribed,Erin Bayne,OVEN,Ovenbird,Aves,1,7.91,Song,1,,false
BU,TimeOFDay,H-P10-31-33,2021-05-29 11:00:00,-115.543270,57.901690,60s None,Transcribed,Erin Bayne,OVEN,Ovenbird,Aves,1,0.63,Song,1,,false
BU,TimeOFDay,H-P10-31-33,2021-05-29 11:20:00,-115.543270,57.901690,60s None,Transcribed,Erin Bayne,OVEN,Ovenbird,Aves,3,57.39,Song,1,,false
BU,TimeOFDay,H-P10-31-33,2021-05-29 11:20:00,-115.543270,57.901690,60s None,Transcribed,Erin Bayne,OVEN,Ovenbird,Aves,1,4.96,Song,1,,false
BU,TimeOFDay,H-P10-31-33,2021-05-29 11:20:00,-115.543270,57.901690,60s None,Transcribed,Erin Bayne,OVEN,Ovenbird,Aves,1,31.63,Song,1,,false
BU,TimeOFDay,H-P10-31-33,2021-05-29 11:20:00,-115.543270,57.901690,60s None,Transcribed,Erin Bayne,OVEN,Ovenbird,Aves,2,9.04,Song,1,,false
BU,TimeOFDay,H-P10-31-33,2021-05-29 11:20:00,-115.543270,57.901690,60s None,Transcribed,Erin Bayne,OVEN,Ovenbird,Aves,2,24.26,Song,1,,false
BU,TimeOFDay,H-P10-31-33,2021-05-29 11:20:00,-115.543270,57.901690,60s None,Transcribed,Erin Bayne,OVEN,Ovenbird,Aves,3,19.58,Song,1,,false
BU,TimeOFDay,H-P10-31-33,2021-05-29 11:20:00,-115.543270,57.901690,60s None,Transcribed,Erin Bayne,OVEN,Ovenbird,Aves,3,41.11,Song,1,,false
BU,TimeOFDay,H-P10-31-33,2021-05-29 11:40:00,-115.543270,57.901690,60s None,Transcribed,Erin Bayne,OVEN,Ovenbird,Aves,1,58.34,Song,1,,false
BU,TimeOFDay,H-P10-31-33,2021-05-29 11:40:00,-115.543270,57.901690,60s None,Transcribed,Erin Bayne,OVEN,Ovenbird,Aves,1,47.58,Song,1,,false
BU,TimeOFDay,H-P10-31-33,2021-05-29 11:40:00,-115.543270,57.901690,60s None,Transcribed,Erin Bayne,OVEN,Ovenbird,Aves,3,56.46,Song,1,,false
BU,TimeOFDay,H-P10-31-33,2021-05-29 11:40:00,-115.543270,57.901690,60s None,Transcribed,Erin Bayne,OVEN,Ovenbird,Aves,3,21.70,Song,1,,false
BU,TimeOFDay,H-P10-31-33,2021-05-29 11:40:00,-115.543270,57.901690,60s None,Transcribed,Erin Bayne,OVEN,Ovenbird,Aves,2,38.36,Song,1,,false
BU,TimeOFDay,H-P10-31-33,2021-05-29 11:40:00,-115.543270,57.901690,60s None,Transcribed,Erin Bayne,OVEN,Ovenbird,Aves,2,16.25,Song,1,,false
BU,TimeOFDay,H-P10-31-33,2021-05-29 11:40:00,-115.543270,57.901690,60s None,Transcribed,Erin Bayne,OVEN,Ovenbird,Aves,1,35.56,Song,1,,false
BU,TimeOFDay,H-P10-31-33,2021-05-29 11:40:00,-115.543270,57.901690,60s None,Transcribed,Erin Bayne,OVEN,Ovenbird,Aves,1,20.26,Song,1,,false
BU,TimeOFDay,H-P10-31-33,2021-05-29 11:40:00,-115.543270,57.901690,60s None,Transcribed,Erin Bayne,OVEN,Ovenbird,Aves,1,14.44,Song,1,,false
BU,TimeOFDay,H-P10-31-33,2021-05-29 11:40:00,-115.543270,57.901690,60s None,Transcribed,Erin Bayne,OVEN,Ovenbird,Aves,1,3.38,Song,1,,false
BU,TimeOFDay,H-P10-31-33,2021-05-29 12:00:00,-115.543270,57.901690,60s None,Transcribed,Erin Bayne,OVEN,Ovenbird,Aves,1,42.98,Song,1,,false
BU,TimeOFDay,H-P10-31-33,2021-05-29 12:00:00,-115.543270,57.901690,60s None,Transcribed,Erin Bayne,OVEN,Ovenbird,Aves,1,26.01,Song,1,,false
BU,TimeOFDay,H-P10-31-33,2021-05-29 12:00:00,-115.543270,57.901690,60s None,Transcribed,Erin Bayne,OVEN,Ovenbird,Aves,2,15.03,Song,1,,false
BU,TimeOFDay,H-P10-31-33,2021-05-29 12:00:00,-115.543270,57.901690,60s None,Transcribed,Erin Bayne,OVEN,Ovenbird,Aves,3,57.31,Song,1,,false
BU,TimeOFDay,H-P10-31-33,2021-05-29 12:00:00,-115.543270,57.901690,60s None,Transcribed,Erin Bayne,OVEN,Ovenbird,Aves,3,19.36,Song,1,,false
BU,TimeOFDay,H-P10-31-33,2021-05-29 12:00:00,-115.543270,57.901690,60s None,Transcribed,Erin Bayne,OVEN,Ovenbird,Aves,2,54.50,Song,1,,false
BU,TimeOFDay,H-P10-31-33,2021-05-29 12:00:00,-115.543270,57.901690,60s None,Transcribed,Erin Bayne,OVEN,Ovenbird,Aves,2,37.00,Song,1,,false
BU,TimeOFDay,H-P10-31-33,2021-05-29 12:00:00,-115.543270,57.901690,60s None,Transcribed,Erin Bayne,OVEN,Ovenbird,Aves,1,3.35,Song,1,,false
BU,TimeOFDay,H-P10-31-33,2021-05-29 12:00:00,-115.543270,57.901690,60s None,Transcribed,Erin Bayne,OVEN,Ovenbird,Aves,2,9.76,Song,1,,false
BU,TimeOFDay,H-P10-31-33,2021-05-29 12:20:00,-115.543270,57.901690,60s None,Transcribed,Erin Bayne,OVEN,Ovenbird,Aves,1,5.63,Song,1,,false
BU,TimeOFDay,H-P10-31-33,2021-05-29 12:20:00,-115.543270,57.901690,60s None,Transcribed,Erin Bayne,OVEN,Ovenbird,Aves,1,13.56,Song,1,,false
BU,TimeOFDay,H-P10-31-33,2021-05-29 12:40:00,-115.543270,57.901690,60s None,Transcribed,Erin Bayne,OVEN,Ovenbird,Aves,3,42.15,Song,1,,false
BU,TimeOFDay,H-P10-31-33,2021-05-29 12:40:00,-115.543270,57.901690,60s None,Transcribed,Erin Bayne,OVEN,Ovenbird,Aves,2,13.88,Song,1,,false
BU,TimeOFDay,H-P10-31-33,2021-05-29 12:40:00,-115.543270,57.901690,60s None,Transcribed,Erin Bayne,OVEN,Ovenbird,Aves,1,0.60,Song,1,,false
BU,TimeOFDay,H-P10-31-33,2021-05-29 12:40:00,-115.543270,57.901690,60s None,Transcribed,Erin Bayne,OVEN,Ovenbird,Aves,1,50.80,Song,1,,false
BU,TimeOFDay,H-P10-31-33,2021-05-29 12:40:00,-115.543270,57.901690,60s None,Transcribed,Erin Bayne,OVEN,Ovenbird,Aves,2,32.33,Song,1,,false
BU,TimeOFDay,H-P10-31-33,2021-05-29 12:40:00,-115.543270,57.901690,60s None,Transcribed,Erin Bayne,OVEN,Ovenbird,Aves,1,15.90,Song,1,,false
BU,TimeOFDay,H-P10-31-33,2021-05-29 12:40:00,-115.543270,57.901690,60s None,Transcribed,Erin Bayne,OVEN,Ovenbird,Aves,1,29.28,Song,1,,false
BU,TimeOFDay,H-P10-31-33,2021-05-29 12:40:00,-115.543270,57.901690,60s None,Transcribed,Erin Bayne,OVEN,Ovenbird,Aves,1,38.69,Song,1,,false
BU,TimeOFDay,H-P10-31-33,2021-05-29 12:40:00,-115.543270,57.901690,60s None,Transcribed,Erin Bayne,OVEN,Ovenbird,Aves,3,17.20,Song,1,,false
BU,TimeOFDay,H-P10-31-33,2021-05-29 13:00:00,-115.543270,57.901690,60s None,Transcribed,Erin Bayne,OVEN,Ovenbird,Aves,1,10.79,Song,1,,false
BU,TimeOFDay,H-P10-31-33,2021-05-29 13:00:00,-115.543270,57.901690,60s None,Transcribed,Erin Bayne,OVEN,Ovenbird,Aves,1,19.78,Song,1,,false
BU,TimeOFDay,H-P10-31-33,2021-05-29 13:00:00,-115.543270,57.901690,60s None,Transcribed,Erin Bayne,OVEN,Ovenbird,Aves,1,41.39,Song,1,,false
BU,TimeOFDay,H-P10-31-33,2021-05-29 13:00:00,-115.543270,57.901690,60s None,Transcribed,Erin Bayne,OVEN,Ovenbird,Aves,1,53.10,Song,1,,false
BU,TimeOFDay,H-P10-31-33,2021-05-29 13:00:00,-115.543270,57.901690,60s None,Transcribed,Erin Bayne,OVEN,Ovenbird,Aves,2,29.98,Song,1,,false
BU,TimeOFDay,H-P10-31-33,2021-05-29 13:20:00,-115.543270,57.901690,60s None,Transcribed,Erin Bayne,OVEN,Ovenbird,Aves,1,27.68,Song,1,,false
BU,TimeOFDay,H-P10-31-33,2021-05-29 13:20:00,-115.543270,57.901690,60s None,Transcribed,Erin Bayne,OVEN,Ovenbird,Aves,2,15.41,Song,1,,false
BU,TimeOFDay,H-P10-31-33,2021-05-29 13:20:00,-115.543270,57.901690,60s None,Transcribed,Erin Bayne,OVEN,Ovenbird,Aves,2,37.63,Song,1,,false
BU,TimeOFDay,H-P10-31-33,2021-05-29 13:20:00,-115.543270,57.901690,60s None,Transcribed,Erin Bayne,OVEN,Ovenbird,Aves,1,7.91,Song,1,,false
BU,TimeOFDay,H-P10-31-33,2021-05-29 13:20:00,-115.543270,57.901690,60s None,Transcribed,Erin Bayne,OVEN,Ovenbird,Aves,1,50.00,Song,1,,false
BU,TimeOFDay,H-P10-31-33,2021-05-29 13:40:00,-115.543270,57.901690,60s None,Transcribed,Erin Bayne,OVEN,Ovenbird,Aves,2,18.95,Song,1,,false
BU,TimeOFDay,H-P10-31-33,2021-05-29 13:40:00,-115.543270,57.901690,60s None,Transcribed,Erin Bayne,OVEN,Ovenbird,Aves,1,0.28,Song,1,,false
BU,TimeOFDay,H-P10-31-33,2021-05-29 13:40:00,-115.543270,57.901690,60s None,Transcribed,Erin Bayne,OVEN,Ovenbird,Aves,1,21.05,Song,1,,false
BU,TimeOFDay,H-P10-31-33,2021-05-29 13:40:00,-115.543270,57.901690,60s None,Transcribed,Erin Bayne,OVEN,Ovenbird,Aves,2,5.01,Song,1,,false
BU,TimeOFDay,H-P10-31-33,2021-05-29 14:00:00,-115.543270,57.901690,60s None,Transcribed,Erin Bayne,NONE,NONE,,,,,,,
BU,TimeOFDay,H-P10-31-33,2021-05-29 14:20:00,-115.543270,57.901690,60s None,Transcribed,Erin Bayne,OVEN,Ovenbird,Aves,2,22.10,Song,1,,false
BU,TimeOFDay,H-P10-31-33,2021-05-29 14:20:00,-115.543270,57.901690,60s None,Transcribed,Erin Bayne,OVEN,Ovenbird,Aves,1,31.33,Song,1,,false
BU,TimeOFDay,H-P10-31-33,2021-05-29 14:20:00,-115.543270,57.901690,60s None,Transcribed,Erin Bayne,OVEN,Ovenbird,Aves,1,12.84,Song,1,,false
BU,TimeOFDay,H-P10-31-33,2021-05-29 14:40:00,-115.543270,57.901690,60s None,Transcribed,Erin Bayne,OVEN,Ovenbird,Aves,1,54.53,Song,1,,false
BU,TimeOFDay,H-P10-31-33,2021-05-29 14:40:00,-115.543270,57.901690,60s None,Transcribed,Erin Bayne,OVEN,Ovenbird,Aves,1,47.71,Song,1,,false
BU,TimeOFDay,H-P10-31-33,2021-05-29 14:40:00,-115.543270,57.901690,60s None,Transcribed,Erin Bayne,OVEN,Ovenbird,Aves,1,29.84,Song,1,,false
BU,TimeOFDay,H-P10-31-33,2021-05-29 15:00:00,-115.543270,57.901690,60s None,Transcribed,Erin Bayne,OVEN,Ovenbird,Aves,1,51.31,Song,1,,false
BU,TimeOFDay,H-P10-31-33,2021-05-29 15:00:00,-115.543270,57.901690,60s None,Transcribed,Erin Bayne,OVEN,Ovenbird,Aves,1,29.35,Song,1,,false
BU,TimeOFDay,H-P10-31-33,2021-05-29 15:20:00,-115.543270,57.901690,60s None,Transcribed,Erin Bayne,OVEN,Ovenbird,Aves,1,23.04,Song,1,,false
BU,TimeOFDay,H-P10-31-33,2021-05-29 15:20:00,-115.543270,57.901690,60s None,Transcribed,Erin Bayne,OVEN,Ovenbird,Aves,1,53.96,Song,1,,false
BU,TimeOFDay,H-P10-31-33,2021-05-29 15:20:00,-115.543270,57.901690,60s None,Transcribed,Erin Bayne,OVEN,Ovenbird,Aves,1,47.20,Song,1,,false
BU,TimeOFDay,H-P10-31-33,2021-05-29 15:20:00,-115.543270,57.901690,60s None,Transcribed,Erin Bayne,OVEN,Ovenbird,Aves,1,40.60,Song,1,,false
BU,TimeOFDay,H-P10-31-33,2021-05-29 15:40:00,-115.543270,57.901690,60s None,Transcribed,Erin Bayne,NONE,NONE,,,,,,,
BU,TimeOFDay,H-P10-31-33,2021-05-29 16:00:00,-115.543270,57.901690,60s None,Transcribed,Erin Bayne,OVEN,Ovenbird,Aves,1,28.29,Song,1,,false
BU,TimeOFDay,H-P10-31-33,2021-05-29 16:00:00,-115.543270,57.901690,60s None,Transcribed,Erin Bayne,OVEN,Ovenbird,Aves,1,36.10,Song,1,,false
BU,TimeOFDay,H-P10-31-33,2021-05-29 16:00:00,-115.543270,57.901690,60s None,Transcribed,Erin Bayne,OVEN,Ovenbird,Aves,1,44.86,Song,1,,false
BU,TimeOFDay,H-P10-31-33,2021-05-29 16:00:00,-115.543270,57.901690,60s None,Transcribed,Erin Bayne,OVEN,Ovenbird,Aves,1,9.81,Song,1,,false
BU,TimeOFDay,H-P10-31-33,2021-05-29 16:00:00,-115.543270,57.901690,60s None,Transcribed,Erin Bayne,OVEN,Ovenbird,Aves,1,19.96,Song,1,,false
BU,TimeOFDay,H-P10-31-33,2021-05-29 16:20:00,-115.543270,57.901690,60s None,Transcribed,Erin Bayne,OVEN,Ovenbird,Aves,1,48.73,Song,1,,false
BU,TimeOFDay,H-P10-31-33,2021-05-29 16:20:00,-115.543270,57.901690,60s None,Transcribed,Erin Bayne,OVEN,Ovenbird,Aves,1,33.94,Song,1,,false
BU,TimeOFDay,H-P10-31-33,2021-05-29 16:40:00,-115.543270,57.901690,60s None,Transcribed,Erin Bayne,OVEN,Ovenbird,Aves,1,47.34,Song,1,,false
BU,TimeOFDay,H-P10-31-33,2021-05-29 16:40:00,-115.543270,57.901690,60s None,Transcribed,Erin Bayne,OVEN,Ovenbird,Aves,1,55.91,Song,1,,false
BU,TimeOFDay,H-P10-31-33,2021-05-29 16:40:00,-115.543270,57.901690,60s None,Transcribed,Erin Bayne,OVEN,Ovenbird,Aves,1,31.61,Song,1,,false
BU,TimeOFDay,H-P10-31-33,2021-05-29 17:00:00,-115.543270,57.901690,60s None,Transcribed,Erin Bayne,OVEN,Ovenbird,Aves,1,10.58,Song,1,,false
BU,TimeOFDay,H-P10-31-33,2021-05-29 17:00:00,-115.543270,57.901690,60s None,Transcribed,Erin Bayne,OVEN,Ovenbird,Aves,2,13.48,Song,1,,false
BU,TimeOFDay,H-P10-31-33,2021-05-29 17:00:00,-115.543270,57.901690,60s None,Transcribed,Erin Bayne,OVEN,Ovenbird,Aves,1,36.89,Song,1,,false
BU,TimeOFDay,H-P10-31-33,2021-05-29 17:00:00,-115.543270,57.901690,60s None,Transcribed,Erin Bayne,OVEN,Ovenbird,Aves,2,50.90,Song,1,,false
BU,TimeOFDay,H-P10-31-33,2021-05-29 17:00:00,-115.543270,57.901690,60s None,Transcribed,Erin Bayne,OVEN,Ovenbird,Aves,1,22.63,Song,1,,false
BU,TimeOFDay,H-P10-31-33,2021-05-29 17:20:00,-115.543270,57.901690,60s None,Transcribed,Erin Bayne,NONE,NONE,,,,,,,
BU,TimeOFDay,H-P10-31-33,2021-05-29 17:40:00,-115.543270,57.901690,60s None,Transcribed,Erin Bayne,NONE,NONE,,,,,,,
BU,TimeOFDay,H-P10-31-33,2021-05-29 18:00:00,-115.543270,57.901690,60s None,Transcribed,Erin Bayne,NONE,NONE,,,,,,,
BU,TimeOFDay,H-P10-31-33,2021-05-29 18:20:00,-115.543270,57.901690,60s None,Transcribed,Erin Bayne,OVEN,Ovenbird,Aves,1,43.40,Song,1,,false
BU,TimeOFDay,H-P10-31-33,2021-05-29 18:40:00,-115.543270,57.901690,60s None,Transcribed,Erin Bayne,NONE,NONE,,,,,,,
BU,TimeOFDay,H-P10-31-33,2021-05-29 19:00:00,-115.543270,57.901690,60s None,Transcribed,Erin Bayne,OVEN,Ovenbird,Aves,1,35.66,Song,1,,false
BU,TimeOFDay,H-P10-31-33,2021-05-29 19:00:00,-115.543270,57.901690,60s None,Transcribed,Erin Bayne,OVEN,Ovenbird,Aves,1,56.19,Song,1,,false
BU,TimeOFDay,H-P10-31-33,2021-05-29 19:00:00,-115.543270,57.901690,60s None,Transcribed,Erin Bayne,OVEN,Ovenbird,Aves,1,10.63,Song,1,,false
BU,TimeOFDay,H-P10-31-33,2021-05-29 19:20:00,-115.543270,57.901690,60s None,Transcribed,Erin Bayne,NONE,NONE,,,,,,,
BU,TimeOFDay,H-P10-31-33,2021-05-29 19:40:00,-115.543270,57.901690,60s None,Transcribed,Erin Bayne,NONE,NONE,,,,,,,
BU,TimeOFDay,H-P10-31-33,2021-05-29 20:00:00,-115.543270,57.901690,60s None,Transcribed,Erin Bayne,OVEN,Ovenbird,Aves,1,45.66,Song,1,,false
BU,TimeOFDay,H-P10-31-33,2021-05-29 20:00:00,-115.543270,57.901690,60s None,Transcribed,Erin Bayne,OVEN,Ovenbird,Aves,1,8.95,Song,1,,false
BU,TimeOFDay,H-P10-31-33,2021-05-29 20:00:00,-115.543270,57.901690,60s None,Transcribed,Erin Bayne,OVEN,Ovenbird,Aves,1,27.01,Song,1,,false
BU,TimeOFDay,H-P10-31-33,2021-05-29 20:20:00,-115.543270,57.901690,60s None,Transcribed,Erin Bayne,OVEN,Ovenbird,Aves,1,22.13,Song,1,,false
BU,TimeOFDay,H-P10-31-33,2021-05-29 20:20:00,-115.543270,57.901690,60s None,Transcribed,Erin Bayne,OVEN,Ovenbird,Aves,2,29.16,Song,1,,false
BU,TimeOFDay,H-P10-31-33,2021-05-29 20:20:00,-115.543270,57.901690,60s None,Transcribed,Erin Bayne,OVEN,Ovenbird,Aves,2,13.45,Song,1,,false
BU,TimeOFDay,H-P10-31-33,2021-05-29 20:20:00,-115.543270,57.901690,60s None,Transcribed,Erin Bayne,OVEN,Ovenbird,Aves,2,43.38,Song,1,,false
BU,TimeOFDay,H-P10-31-33,2021-05-29 20:20:00,-115.543270,57.901690,60s None,Transcribed,Erin Bayne,OVEN,Ovenbird,Aves,1,57.45,Song,1,,false
BU,TimeOFDay,H-P10-31-33,2021-05-29 20:20:00,-115.543270,57.901690,60s None,Transcribed,Erin Bayne,OVEN,Ovenbird,Aves,1,41.31,Song,1,,false
BU,TimeOFDay,H-P10-31-33,2021-05-29 20:20:00,-115.543270,57.901690,60s None,Transcribed,Erin Bayne,OVEN,Ovenbird,Aves,1,49.58,Song,1,,false
BU,TimeOFDay,H-P10-31-33,2021-05-29 20:20:00,-115.543270,57.901690,60s None,Transcribed,Erin Bayne,OVEN,Ovenbird,Aves,1,5.61,Song,1,,false
BU,TimeOFDay,H-P10-31-33,2021-05-29 20:40:00,-115.543270,57.901690,60s None,Transcribed,Erin Bayne,OVEN,Ovenbird,Aves,1,0.24,Song,1,,false
BU,TimeOFDay,H-P10-31-33,2021-05-29 20:40:00,-115.543270,57.901690,60s None,Transcribed,Erin Bayne,OVEN,Ovenbird,Aves,1,34.95,Song,1,,false
BU,TimeOFDay,H-P10-31-33,2021-05-29 20:40:00,-115.543270,57.901690,60s None,Transcribed,Erin Bayne,OVEN,Ovenbird,Aves,2,19.53,Song,1,,false
BU,TimeOFDay,H-P10-31-33,2021-05-29 20:40:00,-115.543270,57.901690,60s None,Transcribed,Erin Bayne,OVEN,Ovenbird,Aves,2,51.24,Song,1,,false
BU,TimeOFDay,H-P10-31-33,2021-05-29 20:40:00,-115.543270,57.901690,60s None,Transcribed,Erin Bayne,OVEN,Ovenbird,Aves,1,15.29,Song,1,,false
BU,TimeOFDay,H-P10-31-33,2021-05-29 20:40:00,-115.543270,57.901690,60s None,Transcribed,Erin Bayne,OVEN,Ovenbird,Aves,3,38.73,Song,1,,false
BU,TimeOFDay,H-P10-31-33,2021-05-29 21:00:00,-115.543270,57.901690,60s None,Transcribed,Erin Bayne,OVEN,Ovenbird,Aves,1,6.44,Song,1,,false
BU,TimeOFDay,H-P10-31-33,2021-05-29 21:00:00,-115.543270,57.901690,60s None,Transcribed,Erin Bayne,OVEN,Ovenbird,Aves,1,28.70,Song,1,,false
BU,TimeOFDay,H-P10-31-33,2021-05-29 21:00:00,-115.543270,57.901690,60s None,Transcribed,Erin Bayne,OVEN,Ovenbird,Aves,2,52.48,Song,1,,false
BU,TimeOFDay,H-P10-31-33,2021-05-29 21:00:00,-115.543270,57.901690,60s None,Transcribed,Erin Bayne,OVEN,Ovenbird,Aves,2,37.96,Song,1,,false
BU,TimeOFDay,H-P10-31-33,2021-05-29 21:00:00,-115.543270,57.901690,60s None,Transcribed,Erin Bayne,OVEN,Ovenbird,Aves,2,23.14,Song,1,,false
BU,TimeOFDay,H-P10-31-33,2021-05-29 21:00:00,-115.543270,57.901690,60s None,Transcribed,Erin Bayne,OVEN,Ovenbird,Aves,2,9.46,Song,1,,false
BU,TimeOFDay,H-P10-31-33,2021-05-29 21:20:00,-115.543270,57.901690,60s None,Transcribed,Erin Bayne,OVEN,Ovenbird,Aves,1,40.95,Song,1,,false
BU,TimeOFDay,H-P10-31-33,2021-05-29 21:40:00,-115.543270,57.901690,60s None,Transcribed,Erin Bayne,OVEN,Ovenbird,Aves,1,49.35,Song,1,,false
BU,TimeOFDay,H-P10-31-33,2021-05-29 21:40:00,-115.543270,57.901690,60s None,Transcribed,Erin Bayne,OVEN,Ovenbird,Aves,3,54.19,Song,1,,false
BU,TimeOFDay,H-P10-31-33,2021-05-29 21:40:00,-115.543270,57.901690,60s None,Transcribed,Erin Bayne,OVEN,Ovenbird,Aves,2,27.66,Song,1,,false
BU,TimeOFDay,H-P10-31-33,2021-05-29 21:40:00,-115.543270,57.901690,60s None,Transcribed,Erin Bayne,OVEN,Ovenbird,Aves,1,5.64,Song,1,,false
BU,TimeOFDay,H-P10-31-33,2021-05-29 21:40:00,-115.543270,57.901690,60s None,Transcribed,Erin Bayne,OVEN,Ovenbird,Aves,1,19.48,Song,1,,false
BU,TimeOFDay,H-P10-31-33,2021-05-29 21:40:00,-115.543270,57.901690,60s None,Transcribed,Erin Bayne,OVEN,Ovenbird,Aves,1,30.24,Song,1,,false
BU,TimeOFDay,H-P10-31-33,2021-05-29 22:00:00,-115.543270,57.901690,60s None,Transcribed,Erin Bayne,OVEN,Ovenbird,Aves,2,10.59,Song,1,,false
BU,TimeOFDay,H-P10-31-33,2021-05-29 22:00:00,-115.543270,57.901690,60s None,Transcribed,Erin Bayne,OVEN,Ovenbird,Aves,2,44.56,Song,1,,false
BU,TimeOFDay,H-P10-31-33,2021-05-29 22:00:00,-115.543270,57.901690,60s None,Transcribed,Erin Bayne,OVEN,Ovenbird,Aves,2,27.85,Song,1,,false
BU,TimeOFDay,H-P10-31-33,2021-05-29 22:00:00,-115.543270,57.901690,60s None,Transcribed,Erin Bayne,OVEN,Ovenbird,Aves,1,41.59,Song,1,,false
BU,TimeOFDay,H-P10-31-33,2021-05-29 22:00:00,-115.543270,57.901690,60s None,Transcribed,Erin Bayne,OVEN,Ovenbird,Aves,1,22.83,Song,1,,false
BU,TimeOFDay,H-P10-31-33,2021-05-29 22:00:00,-115.543270,57.901690,60s None,Transcribed,Erin Bayne,OVEN,Ovenbird,Aves,1,3.66,Song,1,,false
BU,TimeOFDay,H-P10-31-33,2021-05-29 22:00:00,-115.543270,57.901690,60s None,Transcribed,Erin Bayne,OVEN,Ovenbird,Aves,1,48.13,Song,1,,false
BU,TimeOFDay,H-P10-31-33,2021-05-29 22:20:00,-115.543270,57.901690,60s None,Transcribed,Erin Bayne,OVEN,Ovenbird,Aves,2,37.51,Song,1,,false
BU,TimeOFDay,H-P10-31-33,2021-05-29 22:20:00,-115.543270,57.901690,60s None,Transcribed,Erin Bayne,OVEN,Ovenbird,Aves,1,25.91,Song,1,,false
BU,TimeOFDay,H-P10-31-33,2021-05-29 22:20:00,-115.543270,57.901690,60s None,Transcribed,Erin Bayne,OVEN,Ovenbird,Aves,1,12.28,Song,1,,false
BU,TimeOFDay,H-P10-31-33,2021-05-29 22:20:00,-115.543270,57.901690,60s None,Transcribed,Erin Bayne,OVEN,Ovenbird,Aves,1,29.86,Song,1,,false
BU,TimeOFDay,H-P10-31-33,2021-05-29 22:20:00,-115.543270,57.901690,60s None,Transcribed,Erin Bayne,OVEN,Ovenbird,Aves,2,14.98,Song,1,,false
BU,TimeOFDay,H-P10-31-33,2021-05-29 22:40:00,-115.543270,57.901690,60s None,Transcribed,Erin Bayne,NONE,NONE,,,,,,,
BU,TimeOFDay,H-P10-31-33,2021-05-29 23:00:00,-115.543270,57.901690,60s None,Transcribed,Erin Bayne,OVEN,Ovenbird,Aves,1,43.71,Song,1,,false
BU,TimeOFDay,H-P10-31-33,2021-05-29 23:20:00,-115.543270,57.901690,60s None,Transcribed,Erin Bayne,NONE,NONE,,,,,,,
BU,TimeOFDay,H-P10-31-33,2021-05-29 23:40:00,-115.543270,57.901690,60s None,Transcribed,Erin Bayne,NONE,NONE,,,,,,,
BU,TimeOFDay,H-P15-33-18,2021-07-02 00:00:00,-114.546693,58.589950,60s None,Transcribed,Erin Bayne,NONE,NONE,,,,,,,
BU,TimeOFDay,H-P15-33-18,2021-07-02 00:20:00,-114.546693,58.589950,60s None,Transcribed,Erin Bayne,NONE,NONE,,,,,,,
BU,TimeOFDay,H-P15-33-18,2021-07-02 00:40:00,-114.546693,58.589950,60s None,Transcribed,Erin Bayne,NONE,NONE,,,,,,,
BU,TimeOFDay,H-P15-33-18,2021-07-02 01:00:00,-114.546693,58.589950,60s None,Transcribed,Erin Bayne,NONE,NONE,,,,,,,
BU,TimeOFDay,H-P15-33-18,2021-07-02 01:20:00,-114.546693,58.589950,60s None,Transcribed,Erin Bayne,NONE,NONE,,,,,,,
BU,TimeOFDay,H-P15-33-18,2021-07-02 01:40:00,-114.546693,58.589950,60s None,Transcribed,Erin Bayne,NONE,NONE,,,,,,,
BU,TimeOFDay,H-P15-33-18,2021-07-02 02:00:00,-114.546693,58.589950,60s None,Transcribed,Erin Bayne,NONE,NONE,,,,,,,
BU,TimeOFDay,H-P15-33-18,2021-07-02 02:20:00,-114.546693,58.589950,60s None,Transcribed,Erin Bayne,NONE,NONE,,,,,,,
BU,TimeOFDay,H-P15-33-18,2021-07-02 02:40:00,-114.546693,58.589950,60s None,Transcribed,Erin Bayne,NONE,NONE,,,,,,,
BU,TimeOFDay,H-P15-33-18,2021-07-02 03:00:00,-114.546693,58.589950,60s None,Transcribed,Erin Bayne,NONE,NONE,,,,,,,
BU,TimeOFDay,H-P15-33-18,2021-07-02 03:20:00,-114.546693,58.589950,60s None,Transcribed,Erin Bayne,NONE,NONE,,,,,,,
BU,TimeOFDay,H-P15-33-18,2021-07-02 03:40:00,-114.546693,58.589950,60s None,Transcribed,Erin Bayne,NONE,NONE,,,,,,,
BU,TimeOFDay,H-P15-33-18,2021-07-02 04:00:00,-114.546693,58.589950,60s None,Transcribed,Erin Bayne,NONE,NONE,,,,,,,
BU,TimeOFDay,H-P15-33-18,2021-07-02 04:20:00,-114.546693,58.589950,60s None,Transcribed,Erin Bayne,OVEN,Ovenbird,Aves,2,43.28,Song,1,,
BU,TimeOFDay,H-P15-33-18,2021-07-02 04:20:00,-114.546693,58.589950,60s None,Transcribed,Erin Bayne,OVEN,Ovenbird,Aves,2,24.15,Song,1,,
BU,TimeOFDay,H-P15-33-18,2021-07-02 04:20:00,-114.546693,58.589950,60s None,Transcribed,Erin Bayne,OVEN,Ovenbird,Aves,1,6.89,Song,1,,
BU,TimeOFDay,H-P15-33-18,2021-07-02 04:20:00,-114.546693,58.589950,60s None,Transcribed,Erin Bayne,OVEN,Ovenbird,Aves,2,13.81,Song,1,,
BU,TimeOFDay,H-P15-33-18,2021-07-02 04:40:00,-114.546693,58.589950,60s None,Transcribed,Erin Bayne,OVEN,Ovenbird,Aves,2,40.00,Song,1,,
BU,TimeOFDay,H-P15-33-18,2021-07-02 04:40:00,-114.546693,58.589950,60s None,Transcribed,Erin Bayne,OVEN,Ovenbird,Aves,2,12.75,Song,1,,
BU,TimeOFDay,H-P15-33-18,2021-07-02 04:40:00,-114.546693,58.589950,60s None,Transcribed,Erin Bayne,OVEN,Ovenbird,Aves,1,10.10,Song,1,,
BU,TimeOFDay,H-P15-33-18,2021-07-02 04:40:00,-114.546693,58.589950,60s None,Transcribed,Erin Bayne,OVEN,Ovenbird,Aves,1,25.70,Song,1,,
BU,TimeOFDay,H-P15-33-18,2021-07-02 05:00:00,-114.546693,58.589950,60s None,Transcribed,Erin Bayne,OVEN,Ovenbird,Aves,1,28.95,Song,1,,
BU,TimeOFDay,H-P15-33-18,2021-07-02 05:00:00,-114.546693,58.589950,60s None,Transcribed,Erin Bayne,OVEN,Ovenbird,Aves,1,4.89,Song,1,,
BU,TimeOFDay,H-P15-33-18,2021-07-02 05:20:00,-114.546693,58.589950,60s None,Transcribed,Erin Bayne,OVEN,Ovenbird,Aves,1,9.24,Song,1,,
BU,TimeOFDay,H-P15-33-18,2021-07-02 05:20:00,-114.546693,58.589950,60s None,Transcribed,Erin Bayne,OVEN,Ovenbird,Aves,1,35.95,Song,1,,
BU,TimeOFDay,H-P15-33-18,2021-07-02 05:20:00,-114.546693,58.589950,60s None,Transcribed,Erin Bayne,OVEN,Ovenbird,Aves,1,53.76,Song,1,,
BU,TimeOFDay,H-P15-33-18,2021-07-02 05:40:00,-114.546693,58.589950,60s None,Transcribed,Erin Bayne,OVEN,Ovenbird,Aves,1,13.53,Song,1,,
BU,TimeOFDay,H-P15-33-18,2021-07-02 05:40:00,-114.546693,58.589950,60s None,Transcribed,Erin Bayne,OVEN,Ovenbird,Aves,2,42.51,Song,1,,
BU,TimeOFDay,H-P15-33-18,2021-07-02 05:40:00,-114.546693,58.589950,60s None,Transcribed,Erin Bayne,OVEN,Ovenbird,Aves,1,40.01,Song,1,,
BU,TimeOFDay,H-P15-33-18,2021-07-02 06:00:00,-114.546693,58.589950,60s None,Transcribed,Erin Bayne,OVEN,Ovenbird,Aves,1,41.46,Song,1,,
BU,TimeOFDay,H-P15-33-18,2021-07-02 06:00:00,-114.546693,58.589950,60s None,Transcribed,Erin Bayne,OVEN,Ovenbird,Aves,1,3.35,Song,1,,
BU,TimeOFDay,H-P15-33-18,2021-07-02 06:00:00,-114.546693,58.589950,60s None,Transcribed,Erin Bayne,OVEN,Ovenbird,Aves,2,31.64,Song,1,,
BU,TimeOFDay,H-P15-33-18,2021-07-02 06:00:00,-114.546693,58.589950,60s None,Transcribed,Erin Bayne,OVEN,Ovenbird,Aves,2,6.39,Song,1,,
BU,TimeOFDay,H-P15-33-18,2021-07-02 06:00:00,-114.546693,58.589950,60s None,Transcribed,Erin Bayne,OVEN,Ovenbird,Aves,1,23.34,Song,1,,
BU,TimeOFDay,H-P15-33-18,2021-07-02 06:00:00,-114.546693,58.589950,60s None,Transcribed,Erin Bayne,OVEN,Ovenbird,Aves,1,51.55,Song,1,,
BU,TimeOFDay,H-P15-33-18,2021-07-02 06:20:00,-114.546693,58.589950,60s None,Transcribed,Erin Bayne,OVEN,Ovenbird,Aves,1,47.59,Song,1,,
BU,TimeOFDay,H-P15-33-18,2021-07-02 06:20:00,-114.546693,58.589950,60s None,Transcribed,Erin Bayne,OVEN,Ovenbird,Aves,1,16.11,Non-vocal,1,,
BU,TimeOFDay,H-P15-33-18,2021-07-02 06:20:00,-114.546693,58.589950,60s None,Transcribed,Erin Bayne,OVEN,Ovenbird,Aves,1,31.61,Song,1,,
BU,TimeOFDay,H-P15-33-18,2021-07-02 06:20:00,-114.546693,58.589950,60s None,Transcribed,Erin Bayne,OVEN,Ovenbird,Aves,2,46.14,Song,1,,
BU,TimeOFDay,H-P15-33-18,2021-07-02 06:20:00,-114.546693,58.589950,60s None,Transcribed,Erin Bayne,OVEN,Ovenbird,Aves,2,21.58,Song,1,,
BU,TimeOFDay,H-P15-33-18,2021-07-02 06:20:00,-114.546693,58.589950,60s None,Transcribed,Erin Bayne,OVEN,Ovenbird,Aves,2,34.23,Song,1,,
BU,TimeOFDay,H-P15-33-18,2021-07-02 06:40:00,-114.546693,58.589950,60s None,Transcribed,Erin Bayne,OVEN,Ovenbird,Aves,3,38.73,Song,1,,
BU,TimeOFDay,H-P15-33-18,2021-07-02 06:40:00,-114.546693,58.589950,60s None,Transcribed,Erin Bayne,OVEN,Ovenbird,Aves,3,20.84,Song,1,,
BU,TimeOFDay,H-P15-33-18,2021-07-02 06:40:00,-114.546693,58.589950,60s None,Transcribed,Erin Bayne,OVEN,Ovenbird,Aves,2,58.84,Song,1,,
BU,TimeOFDay,H-P15-33-18,2021-07-02 06:40:00,-114.546693,58.589950,60s None,Transcribed,Erin Bayne,OVEN,Ovenbird,Aves,2,4.11,Song,1,,
BU,TimeOFDay,H-P15-33-18,2021-07-02 06:40:00,-114.546693,58.589950,60s None,Transcribed,Erin Bayne,OVEN,Ovenbird,Aves,4,36.51,Song,1,,
BU,TimeOFDay,H-P15-33-18,2021-07-02 06:40:00,-114.546693,58.589950,60s None,Transcribed,Erin Bayne,OVEN,Ovenbird,Aves,2,29.85,Song,1,,
BU,TimeOFDay,H-P15-33-18,2021-07-02 06:40:00,-114.546693,58.589950,60s None,Transcribed,Erin Bayne,OVEN,Ovenbird,Aves,2,16.24,Song,1,,
BU,TimeOFDay,H-P15-33-18,2021-07-02 06:40:00,-114.546693,58.589950,60s None,Transcribed,Erin Bayne,OVEN,Ovenbird,Aves,1,23.93,Song,1,,
BU,TimeOFDay,H-P15-33-18,2021-07-02 06:40:00,-114.546693,58.589950,60s None,Transcribed,Erin Bayne,OVEN,Ovenbird,Aves,1,11.76,Song,1,,
BU,TimeOFDay,H-P15-33-18,2021-07-02 06:40:00,-114.546693,58.589950,60s None,Transcribed,Erin Bayne,OVEN,Ovenbird,Aves,1,42.61,Song,1,,
BU,TimeOFDay,H-P15-33-18,2021-07-02 06:40:00,-114.546693,58.589950,60s None,Transcribed,Erin Bayne,OVEN,Ovenbird,Aves,1,0.28,Song,1,,
BU,TimeOFDay,H-P15-33-18,2021-07-02 06:40:00,-114.546693,58.589950,60s None,Transcribed,Erin Bayne,OVEN,Ovenbird,Aves,3,57.01,Song,1,,
BU,TimeOFDay,H-P15-33-18,2021-07-02 06:40:00,-114.546693,58.589950,60s None,Transcribed,Erin Bayne,OVEN,Ovenbird,Aves,3,44.23,Song,1,,
BU,TimeOFDay,H-P15-33-18,2021-07-02 07:00:00,-114.546693,58.589950,60s None,Transcribed,Erin Bayne,OVEN,Ovenbird,Aves,1,11.66,Song,1,,
BU,TimeOFDay,H-P15-33-18,2021-07-02 07:20:00,-114.546693,58.589950,60s None,Transcribed,Erin Bayne,OVEN,Ovenbird,Aves,1,1.03,Song,1,,
BU,TimeOFDay,H-P15-33-18,2021-07-02 07:20:00,-114.546693,58.589950,60s None,Transcribed,Erin Bayne,OVEN,Ovenbird,Aves,2,11.89,Song,1,,
BU,TimeOFDay,H-P15-33-18,2021-07-02 07:20:00,-114.546693,58.589950,60s None,Transcribed,Erin Bayne,OVEN,Ovenbird,Aves,2,26.51,Song,1,,
BU,TimeOFDay,H-P15-33-18,2021-07-02 07:40:00,-114.546693,58.589950,60s None,Transcribed,Erin Bayne,OVEN,Ovenbird,Aves,1,34.01,Song,1,,
BU,TimeOFDay,H-P15-33-18,2021-07-02 07:40:00,-114.546693,58.589950,60s None,Transcribed,Erin Bayne,OVEN,Ovenbird,Aves,1,1.74,Song,1,,
BU,TimeOFDay,H-P15-33-18,2021-07-02 08:00:00,-114.546693,58.589950,60s None,Transcribed,Erin Bayne,OVEN,Ovenbird,Aves,4,23.31,Song,1,,
BU,TimeOFDay,H-P15-33-18,2021-07-02 08:00:00,-114.546693,58.589950,60s None,Transcribed,Erin Bayne,OVEN,Ovenbird,Aves,4,42.21,Song,1,,
BU,TimeOFDay,H-P15-33-18,2021-07-02 08:00:00,-114.546693,58.589950,60s None,Transcribed,Erin Bayne,OVEN,Ovenbird,Aves,3,10.06,Song,1,,
BU,TimeOFDay,H-P15-33-18,2021-07-02 08:00:00,-114.546693,58.589950,60s None,Transcribed,Erin Bayne,OVEN,Ovenbird,Aves,1,21.21,Song,1,,
BU,TimeOFDay,H-P15-33-18,2021-07-02 08:00:00,-114.546693,58.589950,60s None,Transcribed,Erin Bayne,OVEN,Ovenbird,Aves,2,30.58,Song,1,,
BU,TimeOFDay,H-P15-33-18,2021-07-02 08:00:00,-114.546693,58.589950,60s None,Transcribed,Erin Bayne,OVEN,Ovenbird,Aves,2,50.84,Song,1,,
BU,TimeOFDay,H-P15-33-18,2021-07-02 08:00:00,-114.546693,58.589950,60s None,Transcribed,Erin Bayne,OVEN,Ovenbird,Aves,2,8.35,Song,1,,
BU,TimeOFDay,H-P15-33-18,2021-07-02 08:00:00,-114.546693,58.589950,60s None,Transcribed,Erin Bayne,OVEN,Ovenbird,Aves,1,0.95,Song,1,,
BU,TimeOFDay,H-P15-33-18,2021-07-02 08:20:00,-114.546693,58.589950,60s None,Transcribed,Erin Bayne,OVEN,Ovenbird,Aves,2,20.98,Song,1,,
BU,TimeOFDay,H-P15-33-18,2021-07-02 08:20:00,-114.546693,58.589950,60s None,Transcribed,Erin Bayne,OVEN,Ovenbird,Aves,1,3.16,Song,1,,
BU,TimeOFDay,H-P15-33-18,2021-07-02 08:20:00,-114.546693,58.589950,60s None,Transcribed,Erin Bayne,OVEN,Ovenbird,Aves,2,7.34,Song,1,,
BU,TimeOFDay,H-P15-33-18,2021-07-02 08:20:00,-114.546693,58.589950,60s None,Transcribed,Erin Bayne,OVEN,Ovenbird,Aves,1,41.24,Song,1,,
BU,TimeOFDay,H-P15-33-18,2021-07-02 08:20:00,-114.546693,58.589950,60s None,Transcribed,Erin Bayne,OVEN,Ovenbird,Aves,2,55.39,Song,1,,
BU,TimeOFDay,H-P15-33-18,2021-07-02 08:20:00,-114.546693,58.589950,60s None,Transcribed,Erin Bayne,OVEN,Ovenbird,Aves,1,18.79,Song,1,,
BU,TimeOFDay,H-P15-33-18,2021-07-02 08:20:00,-114.546693,58.589950,60s None,Transcribed,Erin Bayne,OVEN,Ovenbird,Aves,2,32.79,Song,1,,
BU,TimeOFDay,H-P15-33-18,2021-07-02 08:40:00,-114.546693,58.589950,60s None,Transcribed,Erin Bayne,OVEN,Ovenbird,Aves,3,51.66,Song,1,,
BU,TimeOFDay,H-P15-33-18,2021-07-02 08:40:00,-114.546693,58.589950,60s None,Transcribed,Erin Bayne,OVEN,Ovenbird,Aves,2,47.21,Song,1,,
BU,TimeOFDay,H-P15-33-18,2021-07-02 08:40:00,-114.546693,58.589950,60s None,Transcribed,Erin Bayne,OVEN,Ovenbird,Aves,1,44.76,Song,1,,
BU,TimeOFDay,H-P15-33-18,2021-07-02 09:00:00,-114.546693,58.589950,60s None,Transcribed,Erin Bayne,OVEN,Ovenbird,Aves,1,9.01,Song,1,,
BU,TimeOFDay,H-P15-33-18,2021-07-02 09:00:00,-114.546693,58.589950,60s None,Transcribed,Erin Bayne,OVEN,Ovenbird,Aves,2,36.49,Song,1,,
BU,TimeOFDay,H-P15-33-18,2021-07-02 09:20:00,-114.546693,58.589950,60s None,Transcribed,Erin Bayne,OVEN,Ovenbird,Aves,2,12.34,Song,1,,
BU,TimeOFDay,H-P15-33-18,2021-07-02 09:20:00,-114.546693,58.589950,60s None,Transcribed,Erin Bayne,OVEN,Ovenbird,Aves,4,54.75,Song,1,,
BU,TimeOFDay,H-P15-33-18,2021-07-02 09:20:00,-114.546693,58.589950,60s None,Transcribed,Erin Bayne,OVEN,Ovenbird,Aves,4,47.35,Song,1,,
BU,TimeOFDay,H-P15-33-18,2021-07-02 09:20:00,-114.546693,58.589950,60s None,Transcribed,Erin Bayne,OVEN,Ovenbird,Aves,4,16.50,Song,1,,
BU,TimeOFDay,H-P15-33-18,2021-07-02 09:20:00,-114.546693,58.589950,60s None,Transcribed,Erin Bayne,OVEN,Ovenbird,Aves,3,51.31,Song,1,,
BU,TimeOFDay,H-P15-33-18,2021-07-02 09:20:00,-114.546693,58.589950,60s None,Transcribed,Erin Bayne,OVEN,Ovenbird,Aves,3,44.58,Song,1,,
BU,TimeOFDay,H-P15-33-18,2021-07-02 09:20:00,-114.546693,58.589950,60s None,Transcribed,Erin Bayne,OVEN,Ovenbird,Aves,3,18.90,Song,1,,
BU,TimeOFDay,H-P15-33-18,2021-07-02 09:20:00,-114.546693,58.589950,60s None,Transcribed,Erin Bayne,OVEN,Ovenbird,Aves,3,14.15,Song,1,,
BU,TimeOFDay,H-P15-33-18,2021-07-02 09:20:00,-114.546693,58.589950,60s None,Transcribed,Erin Bayne,OVEN,Ovenbird,Aves,2,57.43,Song,1,,
BU,TimeOFDay,H-P15-33-18,2021-07-02 09:20:00,-114.546693,58.589950,60s None,Transcribed,Erin Bayne,OVEN,Ovenbird,Aves,2,34.55,Song,1,,
BU,TimeOFDay,H-P15-33-18,2021-07-02 09:20:00,-114.546693,58.589950,60s None,Transcribed,Erin Bayne,OVEN,Ovenbird,Aves,1,0.03,Song,1,,
BU,TimeOFDay,H-P15-33-18,2021-07-02 09:20:00,-114.546693,58.589950,60s None,Transcribed,Erin Bayne,OVEN,Ovenbird,Aves,1,59.23,Song,1,,
BU,TimeOFDay,H-P15-33-18,2021-07-02 09:20:00,-114.546693,58.589950,60s None,Transcribed,Erin Bayne,OVEN,Ovenbird,Aves,1,38.14,Song,1,,
BU,TimeOFDay,H-P15-33-18,2021-07-02 09:40:00,-114.546693,58.589950,60s None,Transcribed,Erin Bayne,OVEN,Ovenbird,Aves,1,1.76,Song,1,,
BU,TimeOFDay,H-P15-33-18,2021-07-02 09:40:00,-114.546693,58.589950,60s None,Transcribed,Erin Bayne,OVEN,Ovenbird,Aves,1,49.16,Song,1,,
BU,TimeOFDay,H-P15-33-18,2021-07-02 09:40:00,-114.546693,58.589950,60s None,Transcribed,Erin Bayne,OVEN,Ovenbird,Aves,1,25.46,Song,1,,
BU,TimeOFDay,H-P15-33-18,2021-07-02 09:40:00,-114.546693,58.589950,60s None,Transcribed,Erin Bayne,OVEN,Ovenbird,Aves,2,34.09,Song,1,,
BU,TimeOFDay,H-P15-33-18,2021-07-02 10:00:00,-114.546693,58.589950,60s None,Transcribed,Erin Bayne,NONE,NONE,,,,,,,
BU,TimeOFDay,H-P15-33-18,2021-07-02 10:20:00,-114.546693,58.589950,60s None,Transcribed,Erin Bayne,OVEN,Ovenbird,Aves,2,40.39,Song,1,,
BU,TimeOFDay,H-P15-33-18,2021-07-02 10:20:00,-114.546693,58.589950,60s None,Transcribed,Erin Bayne,OVEN,Ovenbird,Aves,2,33.20,Song,1,,
BU,TimeOFDay,H-P15-33-18,2021-07-02 10:20:00,-114.546693,58.589950,60s None,Transcribed,Erin Bayne,OVEN,Ovenbird,Aves,2,12.25,Song,1,,
BU,TimeOFDay,H-P15-33-18,2021-07-02 10:20:00,-114.546693,58.589950,60s None,Transcribed,Erin Bayne,OVEN,Ovenbird,Aves,1,4.46,Song,1,,
BU,TimeOFDay,H-P15-33-18,2021-07-02 10:40:00,-114.546693,58.589950,60s None,Transcribed,Erin Bayne,OVEN,Ovenbird,Aves,1,24.84,Song,1,,
BU,TimeOFDay,H-P15-33-18,2021-07-02 10:40:00,-114.546693,58.589950,60s None,Transcribed,Erin Bayne,OVEN,Ovenbird,Aves,1,6.46,Song,1,,
BU,TimeOFDay,H-P15-33-18,2021-07-02 10:40:00,-114.546693,58.589950,60s None,Transcribed,Erin Bayne,OVEN,Ovenbird,Aves,1,50.78,Song,1,,
BU,TimeOFDay,H-P15-33-18,2021-07-02 10:40:00,-114.546693,58.589950,60s None,Transcribed,Erin Bayne,OVEN,Ovenbird,Aves,1,31.29,Song,1,,
BU,TimeOFDay,H-P15-33-18,2021-07-02 10:40:00,-114.546693,58.589950,60s None,Transcribed,Erin Bayne,OVEN,Ovenbird,Aves,1,57.18,Song,1,,
BU,TimeOFDay,H-P15-33-18,2021-07-02 10:40:00,-114.546693,58.589950,60s None,Transcribed,Erin Bayne,OVEN,Ovenbird,Aves,2,42.59,Song,1,,
BU,TimeOFDay,H-P15-33-18,2021-07-02 11:00:00,-114.546693,58.589950,60s None,Transcribed,Erin Bayne,OVEN,Ovenbird,Aves,2,56.23,Song,1,,
BU,TimeOFDay,H-P15-33-18,2021-07-02 11:00:00,-114.546693,58.589950,60s None,Transcribed,Erin Bayne,OVEN,Ovenbird,Aves,1,26.83,Song,1,,
BU,TimeOFDay,H-P15-33-18,2021-07-02 11:00:00,-114.546693,58.589950,60s None,Transcribed,Erin Bayne,OVEN,Ovenbird,Aves,2,15.10,Song,1,,
BU,TimeOFDay,H-P15-33-18,2021-07-02 11:00:00,-114.546693,58.589950,60s None,Transcribed,Erin Bayne,OVEN,Ovenbird,Aves,2,33.58,Song,1,,
BU,TimeOFDay,H-P15-33-18,2021-07-02 11:00:00,-114.546693,58.589950,60s None,Transcribed,Erin Bayne,OVEN,Ovenbird,Aves,1,20.09,Song,1,,
BU,TimeOFDay,H-P15-33-18,2021-07-02 11:00:00,-114.546693,58.589950,60s None,Transcribed,Erin Bayne,OVEN,Ovenbird,Aves,1,4.76,Song,1,,
BU,TimeOFDay,H-P15-33-18,2021-07-02 11:20:00,-114.546693,58.589950,60s None,Transcribed,Erin Bayne,OVEN,Ovenbird,Aves,1,57.86,Song,1,,
BU,TimeOFDay,H-P15-33-18,2021-07-02 11:20:00,-114.546693,58.589950,60s None,Transcribed,Erin Bayne,OVEN,Ovenbird,Aves,1,11.93,Song,1,,
BU,TimeOFDay,H-P15-33-18,2021-07-02 11:20:00,-114.546693,58.589950,60s None,Transcribed,Erin Bayne,OVEN,Ovenbird,Aves,1,33.93,Song,1,,
BU,TimeOFDay,H-P15-33-18,2021-07-02 11:20:00,-114.546693,58.589950,60s None,Transcribed,Erin Bayne,OVEN,Ovenbird,Aves,2,18.70,Song,1,,
BU,TimeOFDay,H-P15-33-18,2021-07-02 11:40:00,-114.546693,58.589950,60s None,Transcribed,Erin Bayne,OVEN,Ovenbird,Aves,2,13.29,Song,1,,
BU,TimeOFDay,H-P15-33-18,2021-07-02 11:40:00,-114.546693,58.589950,60s None,Transcribed,Erin Bayne,OVEN,Ovenbird,Aves,2,53.59,Song,1,,
BU,TimeOFDay,H-P15-33-18,2021-07-02 11:40:00,-114.546693,58.589950,60s None,Transcribed,Erin Bayne,OVEN,Ovenbird,Aves,1,6.85,Song,1,,
BU,TimeOFDay,H-P15-33-18,2021-07-02 12:00:00,-114.546693,58.589950,60s None,Transcribed,Erin Bayne,NONE,NONE,,,,,,,
BU,TimeOFDay,H-P15-33-18,2021-07-02 12:20:00,-114.546693,58.589950,60s None,Transcribed,Erin Bayne,OVEN,Ovenbird,Aves,1,0.14,Song,1,,
BU,TimeOFDay,H-P15-33-18,2021-07-02 12:20:00,-114.546693,58.589950,60s None,Transcribed,Erin Bayne,OVEN,Ovenbird,Aves,1,40.59,Song,1,,
BU,TimeOFDay,H-P15-33-18,2021-07-02 12:40:00,-114.546693,58.589950,60s None,Transcribed,Erin Bayne,OVEN,Ovenbird,Aves,1,33.00,Song,1,,
BU,TimeOFDay,H-P15-33-18,2021-07-02 12:40:00,-114.546693,58.589950,60s None,Transcribed,Erin Bayne,OVEN,Ovenbird,Aves,1,6.24,Song,1,,
BU,TimeOFDay,H-P15-33-18,2021-07-02 13:00:00,-114.546693,58.589950,60s None,Transcribed,Erin Bayne,NONE,NONE,,,,,,,
BU,TimeOFDay,H-P15-33-18,2021-07-02 13:20:00,-114.546693,58.589950,60s None,Transcribed,Erin Bayne,NONE,NONE,,,,,,,
BU,TimeOFDay,H-P15-33-18,2021-07-02 13:40:00,-114.546693,58.589950,60s None,Transcribed,Erin Bayne,NONE,NONE,,,,,,,
BU,TimeOFDay,H-P15-33-18,2021-07-02 14:00:00,-114.546693,58.589950,60s None,Transcribed,Erin Bayne,NONE,NONE,,,,,,,
BU,TimeOFDay,H-P15-33-18,2021-07-02 14:20:00,-114.546693,58.589950,60s None,Transcribed,Erin Bayne,NONE,NONE,,,,,,,
BU,TimeOFDay,H-P15-33-18,2021-07-02 14:40:00,-114.546693,58.589950,60s None,Transcribed,Erin Bayne,NONE,NONE,,,,,,,
BU,TimeOFDay,H-P15-33-18,2021-07-02 15:00:00,-114.546693,58.589950,60s None,Transcribed,Erin Bayne,NONE,NONE,,,,,,,
BU,TimeOFDay,H-P15-33-18,2021-07-02 15:20:00,-114.546693,58.589950,60s None,Transcribed,Erin Bayne,NONE,NONE,,,,,,,
BU,TimeOFDay,H-P15-33-18,2021-07-02 15:40:00,-114.546693,58.589950,60s None,Transcribed,Erin Bayne,NONE,NONE,,,,,,,
BU,TimeOFDay,H-P15-33-18,2021-07-02 16:00:00,-114.546693,58.589950,60s None,Transcribed,Erin Bayne,NONE,NONE,,,,,,,
BU,TimeOFDay,H-P15-33-18,2021-07-02 16:20:00,-114.546693,58.589950,60s None,Transcribed,Erin Bayne,OVEN,Ovenbird,Aves,1,21.95,Song,1,,
BU,TimeOFDay,H-P15-33-18,2021-07-02 16:20:00,-114.546693,58.589950,60s None,Transcribed,Erin Bayne,OVEN,Ovenbird,Aves,2,16.66,Song,1,,
BU,TimeOFDay,H-P15-33-18,2021-07-02 16:20:00,-114.546693,58.589950,60s None,Transcribed,Erin Bayne,OVEN,Ovenbird,Aves,1,2.94,Song,1,,
BU,TimeOFDay,H-P15-33-18,2021-07-02 16:20:00,-114.546693,58.589950,60s None,Transcribed,Erin Bayne,OVEN,Ovenbird,Aves,2,29.14,Song,1,,
BU,TimeOFDay,H-P15-33-18,2021-07-02 16:40:00,-114.546693,58.589950,60s None,Transcribed,Erin Bayne,OVEN,Ovenbird,Aves,1,54.08,Song,1,,
BU,TimeOFDay,H-P15-33-18,2021-07-02 16:40:00,-114.546693,58.589950,60s None,Transcribed,Erin Bayne,OVEN,Ovenbird,Aves,1,28.44,Song,1,,
BU,TimeOFDay,H-P15-33-18,2021-07-02 17:00:00,-114.546693,58.589950,60s None,Transcribed,Erin Bayne,OVEN,Ovenbird,Aves,2,6.68,Song,1,,
BU,TimeOFDay,H-P15-33-18,2021-07-02 17:00:00,-114.546693,58.589950,60s None,Transcribed,Erin Bayne,OVEN,Ovenbird,Aves,3,28.26,Song,1,,
BU,TimeOFDay,H-P15-33-18,2021-07-02 17:00:00,-114.546693,58.589950,60s None,Transcribed,Erin Bayne,OVEN,Ovenbird,Aves,1,48.74,Song,1,,
BU,TimeOFDay,H-P15-33-18,2021-07-02 17:00:00,-114.546693,58.589950,60s None,Transcribed,Erin Bayne,OVEN,Ovenbird,Aves,1,32.88,Song,1,,
BU,TimeOFDay,H-P15-33-18,2021-07-02 17:00:00,-114.546693,58.589950,60s None,Transcribed,Erin Bayne,OVEN,Ovenbird,Aves,1,44.84,Song,1,,
BU,TimeOFDay,H-P15-33-18,2021-07-02 17:00:00,-114.546693,58.589950,60s None,Transcribed,Erin Bayne,OVEN,Ovenbird,Aves,1,1.90,Song,1,,
BU,TimeOFDay,H-P15-33-18,2021-07-02 17:20:00,-114.546693,58.589950,60s None,Transcribed,Erin Bayne,NONE,NONE,,,,,,,
BU,TimeOFDay,H-P15-33-18,2021-07-02 17:40:00,-114.546693,58.589950,60s None,Transcribed,Erin Bayne,OVEN,Ovenbird,Aves,1,0.83,Song,1,,
BU,TimeOFDay,H-P15-33-18,2021-07-02 17:40:00,-114.546693,58.589950,60s None,Transcribed,Erin Bayne,OVEN,Ovenbird,Aves,1,35.19,Song,1,,
BU,TimeOFDay,H-P15-33-18,2021-07-02 18:00:00,-114.546693,58.589950,60s None,Transcribed,Erin Bayne,NONE,NONE,,,,,,,
BU,TimeOFDay,H-P15-33-18,2021-07-02 18:20:00,-114.546693,58.589950,60s None,Transcribed,Erin Bayne,NONE,NONE,,,,,,,
BU,TimeOFDay,H-P15-33-18,2021-07-02 18:40:00,-114.546693,58.589950,60s None,Transcribed,Erin Bayne,NONE,NONE,,,,,,,
BU,TimeOFDay,H-P15-33-18,2021-07-02 19:00:00,-114.546693,58.589950,60s None,Transcribed,Erin Bayne,NONE,NONE,,,,,,,
BU,TimeOFDay,H-P15-33-18,2021-07-02 19:20:00,-114.546693,58.589950,60s None,Transcribed,Erin Bayne,OVEN,Ovenbird,Aves,1,4.53,Song,1,,
BU,TimeOFDay,H-P15-33-18,2021-07-02 19:20:00,-114.546693,58.589950,60s None,Transcribed,Erin Bayne,OVEN,Ovenbird,Aves,1,39.99,Song,1,,
BU,TimeOFDay,H-P15-33-18,2021-07-02 19:20:00,-114.546693,58.589950,60s None,Transcribed,Erin Bayne,OVEN,Ovenbird,Aves,1,18.59,Song,1,,
BU,TimeOFDay,H-P15-33-18,2021-07-02 19:40:00,-114.546693,58.589950,60s None,Transcribed,Erin Bayne,NONE,NONE,,,,,,,
BU,TimeOFDay,H-P15-33-18,2021-07-02 20:00:00,-114.546693,58.589950,60s None,Transcribed,Erin Bayne,NONE,NONE,,,,,,,
BU,TimeOFDay,H-P15-33-18,2021-07-02 20:20:00,-114.546693,58.589950,60s None,Transcribed,Erin Bayne,NONE,NONE,,,,,,,
BU,TimeOFDay,H-P15-33-18,2021-07-02 20:40:00,-114.546693,58.589950,60s None,Transcribed,Erin Bayne,NONE,NONE,,,,,,,
BU,TimeOFDay,H-P15-33-18,2021-07-02 21:00:00,-114.546693,58.589950,60s None,Transcribed,Erin Bayne,NONE,NONE,,,,,,,
BU,TimeOFDay,H-P15-33-18,2021-07-02 21:20:00,-114.546693,58.589950,60s None,Transcribed,Erin Bayne,NONE,NONE,,,,,,,
BU,TimeOFDay,H-P15-33-18,2021-07-02 21:40:00,-114.546693,58.589950,60s None,Transcribed,Erin Bayne,OVEN,Ovenbird,Aves,1,39.94,Song,1,,
BU,TimeOFDay,H-P15-33-18,2021-07-02 21:40:00,-114.546693,58.589950,60s None,Transcribed,Erin Bayne,OVEN,Ovenbird,Aves,2,33.43,Song,1,,
BU,TimeOFDay,H-P15-33-18,2021-07-02 21:40:00,-114.546693,58.589950,60s None,Transcribed,Erin Bayne,OVEN,Ovenbird,Aves,2,26.59,Song,1,,
BU,TimeOFDay,H-P15-33-18,2021-07-02 21:40:00,-114.546693,58.589950,60s None,Transcribed,Erin Bayne,OVEN,Ovenbird,Aves,2,45.95,Song,1,,
BU,TimeOFDay,H-P15-33-18,2021-07-02 21:40:00,-114.546693,58.589950,60s None,Transcribed,Erin Bayne,OVEN,Ovenbird,Aves,1,10.40,Song,1,,
BU,TimeOFDay,H-P15-33-18,2021-07-02 21:40:00,-114.546693,58.589950,60s None,Transcribed,Erin Bayne,OVEN,Ovenbird,Aves,1,52.99,Song,1,,
BU,TimeOFDay,H-P15-33-18,2021-07-02 22:00:00,-114.546693,58.589950,60s None,Transcribed,Erin Bayne,OVEN,Ovenbird,Aves,1,17.45,Song,1,,
BU,TimeOFDay,H-P15-33-18,2021-07-02 22:00:00,-114.546693,58.589950,60s None,Transcribed,Erin Bayne,OVEN,Ovenbird,Aves,1,57.88,Song,1,,
BU,TimeOFDay,H-P15-33-18,2021-07-02 22:00:00,-114.546693,58.589950,60s None,Transcribed,Erin Bayne,OVEN,Ovenbird,Aves,2,33.25,Song,1,,
BU,TimeOFDay,H-P15-33-18,2021-07-02 22:20:00,-114.546693,58.589950,60s None,Transcribed,Erin Bayne,OVEN,Ovenbird,Aves,1,6.34,Song,1,,
BU,TimeOFDay,H-P15-33-18,2021-07-02 22:40:00,-114.546693,58.589950,60s None,Transcribed,Erin Bayne,OVEN,Ovenbird,Aves,1,31.56,Song,1,,
BU,TimeOFDay,H-P15-33-18,2021-07-02 23:00:00,-114.546693,58.589950,60s None,Transcribed,Erin Bayne,NONE,NONE,,,,,,,
BU,TimeOFDay,H-P15-33-18,2021-07-02 23:20:00,-114.546693,58.589950,60s None,Transcribed,Erin Bayne,NONE,NONE,,,,,,,
BU,TimeOFDay,H-P15-33-18,2021-07-02 23:40:00,-114.546693,58.589950,60s None,Transcribed,Erin Bayne,NONE,NONE,,,,,,,
